state,statefp,county,countyfp,year,month,num_reported_deadbirds,num_tested_deadbirds,num_positive_dead_birds
California,06,Fresno,019,2006,1,3,3,0
California,06,Kern,029,2006,1,10,7,0
California,06,Los Angeles,037,2006,1,25,22,1
California,06,Merced,047,2006,1,2,2,0
California,06,Orange,059,2006,1,12,10,0
California,06,Riverside,065,2006,1,4,2,0
California,06,Sacramento,067,2006,1,2,1,0
California,06,San Bernardino,071,2006,1,6,4,0
California,06,San Joaquin,077,2006,1,2,1,0
California,06,Stanislaus,099,2006,1,2,2,0
California,06,Tulare,107,2006,1,1,1,0
California,06,Fresno,019,2006,2,1,1,0
California,06,Kern,029,2006,2,9,6,0
California,06,Los Angeles,037,2006,2,43,35,0
California,06,Merced,047,2006,2,2,1,0
California,06,Orange,059,2006,2,9,9,1
California,06,Riverside,065,2006,2,6,3,0
California,06,Sacramento,067,2006,2,21,14,0
California,06,San Bernardino,071,2006,2,16,12,0
California,06,San Joaquin,077,2006,2,4,3,0
California,06,Solano,095,2006,2,8,6,0
California,06,Stanislaus,099,2006,2,11,11,0
California,06,Fresno,019,2006,3,15,12,0
California,06,Kern,029,2006,3,6,6,0
California,06,Los Angeles,037,2006,3,39,37,0
California,06,Merced,047,2006,3,7,6,0
California,06,Orange,059,2006,3,25,18,3
California,06,Riverside,065,2006,3,13,12,0
California,06,Sacramento,067,2006,3,61,41,2
California,06,San Bernardino,071,2006,3,19,18,0
California,06,San Joaquin,077,2006,3,5,5,0
California,06,Solano,095,2006,3,9,7,0
California,06,Stanislaus,099,2006,3,16,14,0
California,06,Tulare,107,2006,3,6,5,0
California,06,Fresno,019,2006,4,34,28,0
California,06,Kern,029,2006,4,15,11,0
California,06,Los Angeles,037,2006,4,76,53,0
California,06,Merced,047,2006,4,3,2,0
California,06,Orange,059,2006,4,36,19,6
California,06,Placer,061,2006,4,3,1,0
California,06,Riverside,065,2006,4,31,22,0
California,06,Sacramento,067,2006,4,77,51,0
California,06,San Bernardino,071,2006,4,17,11,0
California,06,San Joaquin,077,2006,4,13,8,0
California,06,Solano,095,2006,4,23,18,0
California,06,Stanislaus,099,2006,4,13,10,0
California,06,Tulare,107,2006,4,14,13,0
California,06,Fresno,019,2006,5,67,46,0
California,06,Kern,029,2006,5,25,16,0
California,06,Los Angeles,037,2006,5,117,90,0
California,06,Merced,047,2006,5,8,4,0
California,06,Orange,059,2006,5,24,12,3
California,06,Placer,061,2006,5,38,13,0
California,06,Riverside,065,2006,5,27,17,0
California,06,Sacramento,067,2006,5,109,57,0
California,06,San Bernardino,071,2006,5,49,27,0
California,06,San Joaquin,077,2006,5,18,10,0
California,06,Solano,095,2006,5,10,4,0
California,06,Stanislaus,099,2006,5,32,18,0
California,06,Tulare,107,2006,5,23,18,0
California,06,Fresno,019,2006,6,90,61,12
California,06,Kern,029,2006,6,30,14,0
California,06,Los Angeles,037,2006,6,125,102,0
California,06,Merced,047,2006,6,18,11,3
California,06,Orange,059,2006,6,42,42,6
California,06,Placer,061,2006,6,53,31,0
California,06,Riverside,065,2006,6,28,17,0
California,06,Sacramento,067,2006,6,86,49,2
California,06,San Bernardino,071,2006,6,26,17,0
California,06,San Joaquin,077,2006,6,16,13,5
California,06,Solano,095,2006,6,7,1,0
California,06,Stanislaus,099,2006,6,44,31,6
California,06,Tulare,107,2006,6,22,12,0
California,06,Fresno,019,2006,7,115,86,37
California,06,Kern,029,2006,7,41,27,10
California,06,Los Angeles,037,2006,7,56,39,2
California,06,Merced,047,2006,7,29,23,15
California,06,Orange,059,2006,7,25,25,2
California,06,Placer,061,2006,7,42,23,4
California,06,Riverside,065,2006,7,8,7,0
California,06,Sacramento,067,2006,7,123,70,25
California,06,San Bernardino,071,2006,7,18,14,4
California,06,San Joaquin,077,2006,7,60,57,27
California,06,Solano,095,2006,7,37,18,8
California,06,Stanislaus,099,2006,7,72,57,31
California,06,Tulare,107,2006,7,19,14,2
California,06,Fresno,019,2006,8,39,31,18
California,06,Kern,029,2006,8,25,17,12
California,06,Los Angeles,037,2006,8,91,82,33
California,06,Merced,047,2006,8,19,13,12
California,06,Orange,059,2006,8,35,35,12
California,06,Placer,061,2006,8,42,21,7
California,06,Riverside,065,2006,8,12,4,1
California,06,Sacramento,067,2006,8,120,83,48
California,06,San Bernardino,071,2006,8,50,29,11
California,06,San Joaquin,077,2006,8,22,19,10
California,06,Solano,095,2006,8,22,16,8
California,06,Stanislaus,099,2006,8,42,32,26
California,06,Tulare,107,2006,8,25,18,3
California,06,Fresno,019,2006,9,26,23,7
California,06,Kern,029,2006,9,10,4,0
California,06,Los Angeles,037,2006,9,85,83,44
California,06,Merced,047,2006,9,15,10,8
California,06,Orange,059,2006,9,22,22,8
California,06,Placer,061,2006,9,22,12,1
California,06,Riverside,065,2006,9,9,3,0
California,06,Sacramento,067,2006,9,38,15,8
California,06,San Bernardino,071,2006,9,41,27,12
California,06,San Joaquin,077,2006,9,10,8,3
California,06,Solano,095,2006,9,15,14,4
California,06,Stanislaus,099,2006,9,29,22,10
California,06,Tulare,107,2006,9,21,17,5
California,06,Fresno,019,2006,10,18,16,1
California,06,Kern,029,2006,10,7,5,2
California,06,Los Angeles,037,2006,10,57,49,15
California,06,Merced,047,2006,10,14,10,3
California,06,Orange,059,2006,10,30,30,3
California,06,Placer,061,2006,10,15,9,1
California,06,Riverside,065,2006,10,15,10,1
California,06,Sacramento,067,2006,10,28,21,3
California,06,San Bernardino,071,2006,10,27,20,6
California,06,San Joaquin,077,2006,10,5,4,1
California,06,Solano,095,2006,10,5,4,1
California,06,Stanislaus,099,2006,10,11,9,3
California,06,Tulare,107,2006,10,15,14,4
California,06,Fresno,019,2006,11,16,14,0
California,06,Kern,029,2006,11,6,4,0
California,06,Los Angeles,037,2006,11,30,28,2
California,06,Merced,047,2006,11,5,4,0
California,06,Orange,059,2006,11,19,19,4
California,06,Placer,061,2006,11,9,7,0
California,06,Riverside,065,2006,11,7,6,1
California,06,Sacramento,067,2006,11,15,13,1
California,06,San Bernardino,071,2006,11,10,6,0
California,06,San Joaquin,077,2006,11,4,3,0
California,06,Solano,095,2006,11,2,2,0
California,06,Stanislaus,099,2006,11,7,5,1
California,06,Tulare,107,2006,11,7,5,0
California,06,Fresno,019,2006,12,6,4,0
California,06,Kern,029,2006,12,1,1,0
California,06,Los Angeles,037,2006,12,29,28,1
California,06,Merced,047,2006,12,4,1,0
California,06,Orange,059,2006,12,10,10,1
California,06,Placer,061,2006,12,3,0,0
California,06,Riverside,065,2006,12,9,9,0
California,06,Sacramento,067,2006,12,9,9,0
California,06,San Bernardino,071,2006,12,8,5,0
California,06,San Joaquin,077,2006,12,1,1,0
California,06,Stanislaus,099,2006,12,4,2,1
California,06,Tulare,107,2006,12,10,9,0
California,06,Fresno,019,2007,1,7,6,0
California,06,Kern,029,2007,1,2,2,0
California,06,Los Angeles,037,2007,1,33,29,1
California,06,Merced,047,2007,1,7,7,0
California,06,Orange,059,2007,1,2,2,0
California,06,Placer,061,2007,1,10,7,0
California,06,Riverside,065,2007,1,4,1,0
California,06,Sacramento,067,2007,1,14,12,0
California,06,San Bernardino,071,2007,1,5,3,0
California,06,San Joaquin,077,2007,1,1,1,0
California,06,Solano,095,2007,1,2,1,0
California,06,Stanislaus,099,2007,1,7,6,0
California,06,Tulare,107,2007,1,4,4,0
California,06,Fresno,019,2007,2,9,6,0
California,06,Kern,029,2007,2,4,1,0
California,06,Los Angeles,037,2007,2,68,58,0
California,06,Merced,047,2007,2,5,4,0
California,06,Orange,059,2007,2,13,13,2
California,06,Placer,061,2007,2,4,2,0
California,06,Riverside,065,2007,2,13,6,0
California,06,Sacramento,067,2007,2,18,11,0
California,06,San Bernardino,071,2007,2,7,3,0
California,06,San Joaquin,077,2007,2,4,4,0
California,06,Stanislaus,099,2007,2,6,6,0
California,06,Tulare,107,2007,2,3,2,0
California,06,Fresno,019,2007,3,14,12,0
California,06,Kern,029,2007,3,2,0,0
California,06,Los Angeles,037,2007,3,42,38,1
California,06,Merced,047,2007,3,2,1,0
California,06,Orange,059,2007,3,17,17,1
California,06,Placer,061,2007,3,11,5,0
California,06,Riverside,065,2007,3,4,2,0
California,06,Sacramento,067,2007,3,27,16,0
California,06,San Bernardino,071,2007,3,7,7,0
California,06,San Joaquin,077,2007,3,1,1,0
California,06,Solano,095,2007,3,1,0,0
California,06,Stanislaus,099,2007,3,16,13,1
California,06,Tulare,107,2007,3,6,6,0
California,06,Fresno,019,2007,4,19,18,0
California,06,Kern,029,2007,4,11,10,0
California,06,Los Angeles,037,2007,4,34,30,0
California,06,Merced,047,2007,4,7,3,0
California,06,Orange,059,2007,4,20,20,3
California,06,Placer,061,2007,4,8,1,0
California,06,Riverside,065,2007,4,5,3,0
California,06,Sacramento,067,2007,4,32,16,0
California,06,San Bernardino,071,2007,4,22,18,0
California,06,San Joaquin,077,2007,4,4,3,0
California,06,Solano,095,2007,4,1,0,0
California,06,Stanislaus,099,2007,4,11,10,0
California,06,Tulare,107,2007,4,3,2,0
California,06,Fresno,019,2007,5,30,26,0
California,06,Kern,029,2007,5,22,9,1
California,06,Los Angeles,037,2007,5,69,57,0
California,06,Merced,047,2007,5,8,7,0
California,06,Orange,059,2007,5,16,15,1
California,06,Placer,061,2007,5,18,9,0
California,06,Riverside,065,2007,5,13,3,0
California,06,Sacramento,067,2007,5,49,29,1
California,06,San Bernardino,071,2007,5,26,17,1
California,06,San Joaquin,077,2007,5,10,7,0
California,06,Solano,095,2007,5,5,1,0
California,06,Stanislaus,099,2007,5,21,19,3
California,06,Tulare,107,2007,5,12,9,0
California,06,Fresno,019,2007,6,93,64,31
California,06,Kern,029,2007,6,144,84,46
California,06,Los Angeles,037,2007,6,45,31,1
California,06,Merced,047,2007,6,22,14,6
California,06,Orange,059,2007,6,42,40,2
California,06,Placer,061,2007,6,36,14,0
California,06,Riverside,065,2007,6,8,2,1
California,06,Sacramento,067,2007,6,88,26,4
California,06,San Bernardino,071,2007,6,22,18,2
California,06,San Joaquin,077,2007,6,9,5,2
California,06,Solano,095,2007,6,6,1,1
California,06,Stanislaus,099,2007,6,97,64,34
California,06,Tulare,107,2007,6,13,6,1
California,06,Fresno,019,2007,7,91,67,45
California,06,Kern,029,2007,7,123,69,42
California,06,Los Angeles,037,2007,7,49,37,9
California,06,Merced,047,2007,7,41,26,16
California,06,Orange,059,2007,7,57,0,0
California,06,Placer,061,2007,7,56,22,4
California,06,Riverside,065,2007,7,7,3,0
California,06,Sacramento,067,2007,7,191,68,33
California,06,San Bernardino,071,2007,7,25,19,1
California,06,San Joaquin,077,2007,7,47,29,20
California,06,Solano,095,2007,7,7,3,0
California,06,Stanislaus,099,2007,7,69,49,40
California,06,Tulare,107,2007,7,23,19,5
California,06,Fresno,019,2007,8,67,40,21
California,06,Kern,029,2007,8,88,58,18
California,06,Los Angeles,037,2007,8,185,146,76
California,06,Merced,047,2007,8,21,11,5
California,06,Orange,059,2007,8,34,34,0
California,06,Placer,061,2007,8,42,15,8
California,06,Riverside,065,2007,8,20,5,2
California,06,Sacramento,067,2007,8,187,84,52
California,06,San Bernardino,071,2007,8,57,35,10
California,06,San Joaquin,077,2007,8,24,15,9
California,06,Solano,095,2007,8,8,3,0
California,06,Stanislaus,099,2007,8,61,43,33
California,06,Tulare,107,2007,8,32,30,10
California,06,Fresno,019,2007,9,40,29,14
California,06,Kern,029,2007,9,58,42,16
California,06,Los Angeles,037,2007,9,146,115,63
California,06,Merced,047,2007,9,17,9,6
California,06,Orange,059,2007,9,32,32,16
California,06,Placer,061,2007,9,15,8,4
California,06,Riverside,065,2007,9,11,6,3
California,06,Sacramento,067,2007,9,92,57,42
California,06,San Bernardino,071,2007,9,36,21,12
California,06,San Joaquin,077,2007,9,16,13,10
California,06,Solano,095,2007,9,10,7,2
California,06,Stanislaus,099,2007,9,29,23,16
California,06,Tulare,107,2007,9,31,29,16
California,06,Fresno,019,2007,10,18,14,2
California,06,Kern,029,2007,10,39,28,1
California,06,Los Angeles,037,2007,10,83,74,7
California,06,Merced,047,2007,10,11,9,1
California,06,Orange,059,2007,10,21,21,7
California,06,Placer,061,2007,10,16,6,0
California,06,Riverside,065,2007,10,2,2,0
California,06,Sacramento,067,2007,10,40,32,10
California,06,San Bernardino,071,2007,10,11,9,0
California,06,San Joaquin,077,2007,10,7,6,5
California,06,Stanislaus,099,2007,10,14,12,3
California,06,Tulare,107,2007,10,20,19,5
California,06,Fresno,019,2007,11,5,4,1
California,06,Kern,029,2007,11,24,22,0
California,06,Los Angeles,037,2007,11,40,34,5
California,06,Merced,047,2007,11,5,4,0
California,06,Orange,059,2007,11,28,27,9
California,06,Placer,061,2007,11,6,4,0
California,06,Riverside,065,2007,11,8,4,0
California,06,Sacramento,067,2007,11,25,18,0
California,06,San Bernardino,071,2007,11,7,6,0
California,06,San Joaquin,077,2007,11,2,2,0
California,06,Solano,095,2007,11,3,3,0
California,06,Stanislaus,099,2007,11,15,11,0
California,06,Tulare,107,2007,11,7,5,1
California,06,Fresno,019,2007,12,8,8,0
California,06,Kern,029,2007,12,9,9,0
California,06,Los Angeles,037,2007,12,33,27,2
California,06,Merced,047,2007,12,3,2,0
California,06,Orange,059,2007,12,17,17,2
California,06,Placer,061,2007,12,13,5,0
California,06,Riverside,065,2007,12,6,4,0
California,06,Sacramento,067,2007,12,20,12,0
California,06,San Bernardino,071,2007,12,7,5,0
California,06,San Joaquin,077,2007,12,10,10,0
California,06,Stanislaus,099,2007,12,6,6,0
California,06,Tulare,107,2007,12,6,5,0
California,06,Fresno,019,2008,1,5,4,0
California,06,Kern,029,2008,1,4,3,0
California,06,Los Angeles,037,2008,1,22,15,0
California,06,Merced,047,2008,1,1,1,0
California,06,Orange,059,2008,1,17,17,0
California,06,Riverside,065,2008,1,8,6,0
California,06,Sacramento,067,2008,1,9,8,0
California,06,San Bernardino,071,2008,1,5,5,0
California,06,San Joaquin,077,2008,1,3,2,0
California,06,Tulare,107,2008,1,4,2,0
California,06,Los Angeles,037,2008,2,7,4,0
California,06,Orange,059,2008,2,12,12,0
California,06,San Joaquin,077,2008,2,5,3,0
California,06,Tulare,107,2008,2,1,1,0
California,06,Fresno,019,2008,3,18,14,0
California,06,Kern,029,2008,3,26,21,1
California,06,Los Angeles,037,2008,3,29,23,1
California,06,Merced,047,2008,3,6,3,0
California,06,Orange,059,2008,3,15,15,0
California,06,Placer,061,2008,3,10,2,0
California,06,Riverside,065,2008,3,3,1,0
California,06,Sacramento,067,2008,3,48,34,1
California,06,San Bernardino,071,2008,3,7,5,0
California,06,San Joaquin,077,2008,3,10,8,0
California,06,Solano,095,2008,3,1,0,0
California,06,Stanislaus,099,2008,3,13,10,0
California,06,Tulare,107,2008,3,6,6,0
California,06,Fresno,019,2008,4,19,14,0
California,06,Kern,029,2008,4,81,53,0
California,06,Los Angeles,037,2008,4,35,29,1
California,06,Merced,047,2008,4,7,2,0
California,06,Orange,059,2008,4,19,19,2
California,06,Placer,061,2008,4,9,6,0
California,06,Riverside,065,2008,4,8,4,0
California,06,Sacramento,067,2008,4,42,26,0
California,06,San Bernardino,071,2008,4,19,12,0
California,06,San Joaquin,077,2008,4,16,13,0
California,06,Solano,095,2008,4,2,0,0
California,06,Stanislaus,099,2008,4,21,12,0
California,06,Tulare,107,2008,4,9,6,0
California,06,Fresno,019,2008,5,33,26,0
California,06,Kern,029,2008,5,51,37,0
California,06,Los Angeles,037,2008,5,93,63,9
California,06,Merced,047,2008,5,11,7,0
California,06,Orange,059,2008,5,89,89,40
California,06,Placer,061,2008,5,9,1,0
California,06,Riverside,065,2008,5,34,17,1
California,06,Sacramento,067,2008,5,66,45,2
California,06,San Bernardino,071,2008,5,33,30,5
California,06,San Joaquin,077,2008,5,19,18,1
California,06,Solano,095,2008,5,6,5,0
California,06,Stanislaus,099,2008,5,27,16,1
California,06,Tulare,107,2008,5,63,55,13
California,06,Fresno,019,2008,6,37,27,3
California,06,Kern,029,2008,6,66,45,2
California,06,Los Angeles,037,2008,6,148,123,35
California,06,Merced,047,2008,6,7,3,0
California,06,Orange,059,2008,6,156,153,78
California,06,Placer,061,2008,6,7,0,0
California,06,Riverside,065,2008,6,29,15,4
California,06,Sacramento,067,2008,6,134,94,13
California,06,San Bernardino,071,2008,6,51,39,5
California,06,San Joaquin,077,2008,6,72,64,19
California,06,Solano,095,2008,6,6,3,2
California,06,Stanislaus,099,2008,6,51,31,7
California,06,Tulare,107,2008,6,47,42,19
California,06,Fresno,019,2008,7,33,24,6
California,06,Kern,029,2008,7,31,17,3
California,06,Los Angeles,037,2008,7,218,163,112
California,06,Merced,047,2008,7,7,3,1
California,06,Orange,059,2008,7,238,197,187
California,06,Placer,061,2008,7,11,3,2
California,06,Riverside,065,2008,7,34,19,13
California,06,Sacramento,067,2008,7,120,95,46
California,06,San Bernardino,071,2008,7,108,84,48
California,06,San Joaquin,077,2008,7,72,58,34
California,06,Solano,095,2008,7,13,8,4
California,06,Stanislaus,099,2008,7,35,24,15
California,06,Tulare,107,2008,7,53,47,37
California,06,Fresno,019,2008,8,21,19,7
California,06,Kern,029,2008,8,16,9,2
California,06,Los Angeles,037,2008,8,310,221,164
California,06,Merced,047,2008,8,4,3,1
California,06,Orange,059,2008,8,276,241,212
California,06,Placer,061,2008,8,7,3,1
California,06,Riverside,065,2008,8,57,22,18
California,06,Sacramento,067,2008,8,80,62,35
California,06,San Bernardino,071,2008,8,117,102,81
California,06,San Joaquin,077,2008,8,18,13,7
California,06,Solano,095,2008,8,6,1,1
California,06,Stanislaus,099,2008,8,23,14,9
California,06,Tulare,107,2008,8,13,10,2
California,06,Fresno,019,2008,9,35,24,19
California,06,Kern,029,2008,9,10,5,2
California,06,Los Angeles,037,2008,9,233,179,118
California,06,Merced,047,2008,9,7,7,3
California,06,Orange,059,2008,9,124,124,83
California,06,Placer,061,2008,9,3,2,0
California,06,Riverside,065,2008,9,13,4,3
California,06,Sacramento,067,2008,9,54,35,29
California,06,San Bernardino,071,2008,9,52,43,30
California,06,San Joaquin,077,2008,9,20,15,8
California,06,Solano,095,2008,9,4,2,0
California,06,Stanislaus,099,2008,9,26,19,13
California,06,Tulare,107,2008,9,8,6,4
California,06,Fresno,019,2008,10,24,21,9
California,06,Kern,029,2008,10,6,4,0
California,06,Los Angeles,037,2008,10,103,82,40
California,06,Merced,047,2008,10,8,3,0
California,06,Orange,059,2008,10,50,47,20
California,06,Placer,061,2008,10,2,1,1
California,06,Riverside,065,2008,10,5,1,0
California,06,Sacramento,067,2008,10,32,21,4
California,06,San Bernardino,071,2008,10,21,14,7
California,06,San Joaquin,077,2008,10,10,9,0
California,06,Solano,095,2008,10,2,1,0
California,06,Stanislaus,099,2008,10,12,3,0
California,06,Tulare,107,2008,10,6,6,1
California,06,Fresno,019,2008,11,2,2,0
California,06,Los Angeles,037,2008,11,22,18,1
California,06,Orange,059,2008,11,37,36,10
California,06,Riverside,065,2008,11,1,1,0
California,06,San Bernardino,071,2008,11,3,0,0
California,06,Los Angeles,037,2008,12,6,5,0
California,06,Orange,059,2008,12,9,7,0
California,06,San Bernardino,071,2008,12,1,1,0
California,06,Tulare,107,2008,12,1,1,0
California,06,Los Angeles,037,2009,1,8,8,0
California,06,Orange,059,2009,1,23,20,0
California,06,Stanislaus,099,2009,1,1,1,0
California,06,Los Angeles,037,2009,2,4,3,0
California,06,Orange,059,2009,2,17,17,1
California,06,Sacramento,067,2009,2,1,1,0
California,06,San Bernardino,071,2009,2,2,2,0
California,06,Fresno,019,2009,3,10,9,1
California,06,Kern,029,2009,3,1,1,0
California,06,Los Angeles,037,2009,3,19,17,0
California,06,Merced,047,2009,3,1,0,0
California,06,Orange,059,2009,3,36,36,1
California,06,Placer,061,2009,3,5,2,0
California,06,Sacramento,067,2009,3,15,9,0
California,06,San Bernardino,071,2009,3,9,7,0
California,06,San Joaquin,077,2009,3,1,1,0
California,06,Stanislaus,099,2009,3,2,1,0
California,06,Tulare,107,2009,3,5,4,0
California,06,Fresno,019,2009,4,44,30,1
California,06,Kern,029,2009,4,14,11,0
California,06,Los Angeles,037,2009,4,40,29,1
California,06,Merced,047,2009,4,2,1,0
California,06,Orange,059,2009,4,35,35,0
California,06,Placer,061,2009,4,12,9,0
California,06,Riverside,065,2009,4,11,5,0
California,06,Sacramento,067,2009,4,34,22,0
California,06,San Bernardino,071,2009,4,11,11,0
California,06,San Joaquin,077,2009,4,12,10,0
California,06,Solano,095,2009,4,2,1,0
California,06,Stanislaus,099,2009,4,5,3,0
California,06,Tulare,107,2009,4,22,18,0
California,06,Fresno,019,2009,5,48,34,11
California,06,Kern,029,2009,5,27,17,1
California,06,Los Angeles,037,2009,5,61,39,2
California,06,Merced,047,2009,5,7,3,0
California,06,Orange,059,2009,5,47,47,2
California,06,Placer,061,2009,5,15,7,0
California,06,Riverside,065,2009,5,4,3,0
California,06,Sacramento,067,2009,5,37,27,0
California,06,San Bernardino,071,2009,5,17,15,0
California,06,San Joaquin,077,2009,5,31,28,1
California,06,Solano,095,2009,5,2,0,0
California,06,Stanislaus,099,2009,5,23,17,0
California,06,Tulare,107,2009,5,8,7,0
California,06,Fresno,019,2009,6,53,42,21
California,06,Kern,029,2009,6,43,27,11
California,06,Los Angeles,037,2009,6,121,94,18
California,06,Merced,047,2009,6,9,3,1
California,06,Orange,059,2009,6,58,57,1
California,06,Placer,061,2009,6,12,9,0
California,06,Riverside,065,2009,6,11,4,1
California,06,Sacramento,067,2009,6,64,47,5
California,06,San Bernardino,071,2009,6,22,18,3
California,06,San Joaquin,077,2009,6,39,24,1
California,06,Solano,095,2009,6,3,0,0
California,06,Stanislaus,099,2009,6,31,17,2
California,06,Tulare,107,2009,6,20,16,1
California,06,Fresno,019,2009,7,31,25,14
California,06,Kern,029,2009,7,27,17,12
California,06,Los Angeles,037,2009,7,78,56,21
California,06,Merced,047,2009,7,10,6,1
California,06,Orange,059,2009,7,36,32,2
California,06,Placer,061,2009,7,15,10,3
California,06,Riverside,065,2009,7,8,2,0
California,06,Sacramento,067,2009,7,49,35,5
California,06,San Bernardino,071,2009,7,27,20,4
California,06,San Joaquin,077,2009,7,37,26,12
California,06,Solano,095,2009,7,2,1,1
California,06,Stanislaus,099,2009,7,22,18,9
California,06,Tulare,107,2009,7,23,18,11
California,06,Fresno,019,2009,8,15,10,10
California,06,Kern,029,2009,8,8,7,3
California,06,Los Angeles,037,2009,8,87,54,15
California,06,Merced,047,2009,8,7,4,2
California,06,Orange,059,2009,8,45,44,0
California,06,Placer,061,2009,8,10,9,1
California,06,Riverside,065,2009,8,2,1,0
California,06,Sacramento,067,2009,8,37,25,7
California,06,San Bernardino,071,2009,8,24,19,4
California,06,San Joaquin,077,2009,8,24,19,7
California,06,Solano,095,2009,8,4,1,1
California,06,Stanislaus,099,2009,8,23,18,12
California,06,Tulare,107,2009,8,21,15,10
California,06,Fresno,019,2009,9,7,4,1
California,06,Kern,029,2009,9,6,4,0
California,06,Los Angeles,037,2009,9,73,48,15
California,06,Merced,047,2009,9,9,7,4
California,06,Orange,059,2009,9,28,26,1
California,06,Placer,061,2009,9,6,2,0
California,06,Riverside,065,2009,9,7,2,1
California,06,Sacramento,067,2009,9,28,22,7
California,06,San Bernardino,071,2009,9,19,14,6
California,06,San Joaquin,077,2009,9,3,3,1
California,06,Solano,095,2009,9,1,1,1
California,06,Stanislaus,099,2009,9,12,7,4
California,06,Tulare,107,2009,9,4,4,3
California,06,Fresno,019,2009,10,2,1,0
California,06,Kern,029,2009,10,2,2,1
California,06,Los Angeles,037,2009,10,27,23,8
California,06,Merced,047,2009,10,2,1,1
California,06,Orange,059,2009,10,13,13,2
California,06,Placer,061,2009,10,2,1,0
California,06,Sacramento,067,2009,10,17,16,4
California,06,San Bernardino,071,2009,10,5,2,0
California,06,San Joaquin,077,2009,10,1,1,1
California,06,Solano,095,2009,10,3,3,0
California,06,Stanislaus,099,2009,10,2,2,1
California,06,Los Angeles,037,2009,11,11,7,2
California,06,Orange,059,2009,11,14,13,0
California,06,Placer,061,2009,11,1,0,0
California,06,Sacramento,067,2009,11,11,9,0
California,06,Los Angeles,037,2009,12,3,2,0
California,06,Orange,059,2009,12,13,13,0
California,06,Sacramento,067,2009,12,7,0,0
California,06,Los Angeles,037,2010,1,10,3,0
California,06,Orange,059,2010,1,9,9,0
California,06,Sacramento,067,2010,1,5,4,0
California,06,San Bernardino,071,2010,1,2,2,0
California,06,Los Angeles,037,2010,2,12,10,1
California,06,Orange,059,2010,2,5,5,0
California,06,Sacramento,067,2010,2,10,9,0
California,06,Fresno,019,2010,3,3,2,0
California,06,Kern,029,2010,3,2,1,0
California,06,Los Angeles,037,2010,3,30,17,1
California,06,Merced,047,2010,3,3,3,0
California,06,Orange,059,2010,3,10,10,0
California,06,Placer,061,2010,3,1,1,0
California,06,Sacramento,067,2010,3,13,13,0
California,06,San Bernardino,071,2010,3,7,5,0
California,06,San Joaquin,077,2010,3,2,2,0
California,06,Stanislaus,099,2010,3,1,1,0
California,06,Tulare,107,2010,3,1,1,0
California,06,Fresno,019,2010,4,4,2,0
California,06,Kern,029,2010,4,8,4,0
California,06,Los Angeles,037,2010,4,33,24,0
California,06,Merced,047,2010,4,4,2,0
California,06,Orange,059,2010,4,14,14,0
California,06,Placer,061,2010,4,5,4,0
California,06,Riverside,065,2010,4,7,0,0
California,06,Sacramento,067,2010,4,10,9,0
California,06,San Bernardino,071,2010,4,12,12,0
California,06,San Joaquin,077,2010,4,8,6,0
California,06,Solano,095,2010,4,3,1,0
California,06,Stanislaus,099,2010,4,6,6,0
California,06,Tulare,107,2010,4,3,3,0
California,06,Fresno,019,2010,5,17,9,0
California,06,Kern,029,2010,5,9,7,0
California,06,Los Angeles,037,2010,5,51,38,1
California,06,Merced,047,2010,5,3,2,0
California,06,Orange,059,2010,5,53,49,1
California,06,Placer,061,2010,5,15,13,0
California,06,Riverside,065,2010,5,3,1,0
California,06,Sacramento,067,2010,5,23,19,0
California,06,San Bernardino,071,2010,5,24,17,0
California,06,San Joaquin,077,2010,5,30,25,0
California,06,Solano,095,2010,5,2,0,0
California,06,Stanislaus,099,2010,5,15,14,0
California,06,Fresno,019,2010,6,18,10,1
California,06,Kern,029,2010,6,5,2,0
California,06,Los Angeles,037,2010,6,46,35,4
California,06,Merced,047,2010,6,23,15,3
California,06,Orange,059,2010,6,40,38,1
California,06,Placer,061,2010,6,11,9,1
California,06,Riverside,065,2010,6,9,2,0
California,06,Sacramento,067,2010,6,48,37,6
California,06,San Bernardino,071,2010,6,32,27,1
California,06,San Joaquin,077,2010,6,23,13,0
California,06,Stanislaus,099,2010,6,10,7,4
California,06,Tulare,107,2010,6,4,3,0
California,06,Fresno,019,2010,7,30,22,12
California,06,Kern,029,2010,7,22,15,9
California,06,Los Angeles,037,2010,7,53,35,3
California,06,Merced,047,2010,7,22,15,7
California,06,Orange,059,2010,7,24,24,2
California,06,Placer,061,2010,7,19,16,2
California,06,Riverside,065,2010,7,4,0,0
California,06,Sacramento,067,2010,7,139,113,55
California,06,San Bernardino,071,2010,7,24,17,0
California,06,San Joaquin,077,2010,7,39,29,20
California,06,Solano,095,2010,7,2,0,0
California,06,Stanislaus,099,2010,7,30,26,15
California,06,Tulare,107,2010,7,13,12,6
California,06,Fresno,019,2010,8,19,13,6
California,06,Kern,029,2010,8,7,5,2
California,06,Los Angeles,037,2010,8,49,36,15
California,06,Merced,047,2010,8,8,4,3
California,06,Orange,059,2010,8,24,23,5
California,06,Placer,061,2010,8,23,16,3
California,06,Riverside,065,2010,8,4,0,0
California,06,Sacramento,067,2010,8,64,52,30
California,06,San Bernardino,071,2010,8,20,15,3
California,06,San Joaquin,077,2010,8,14,9,5
California,06,Solano,095,2010,8,1,0,0
California,06,Stanislaus,099,2010,8,24,17,9
California,06,Tulare,107,2010,8,16,14,8
California,06,Fresno,019,2010,9,10,7,3
California,06,Kern,029,2010,9,6,4,0
California,06,Los Angeles,037,2010,9,40,32,11
California,06,Merced,047,2010,9,4,4,1
California,06,Orange,059,2010,9,10,8,3
California,06,Placer,061,2010,9,12,8,1
California,06,Riverside,065,2010,9,5,1,1
California,06,Sacramento,067,2010,9,50,39,23
California,06,San Bernardino,071,2010,9,9,8,5
California,06,San Joaquin,077,2010,9,9,8,1
California,06,Solano,095,2010,9,2,0,0
California,06,Stanislaus,099,2010,9,8,7,4
California,06,Tulare,107,2010,9,10,10,7
California,06,Fresno,019,2010,10,1,0,0
California,06,Kern,029,2010,10,3,1,1
California,06,Los Angeles,037,2010,10,21,12,3
California,06,Merced,047,2010,10,1,1,0
California,06,Orange,059,2010,10,11,11,3
California,06,Placer,061,2010,10,5,4,2
California,06,Riverside,065,2010,10,1,1,0
California,06,Sacramento,067,2010,10,14,12,1
California,06,San Bernardino,071,2010,10,3,1,1
California,06,Solano,095,2010,10,1,1,1
California,06,Stanislaus,099,2010,10,7,7,2
California,06,Kern,029,2010,11,3,3,1
California,06,Los Angeles,037,2010,11,10,8,2
California,06,Orange,059,2010,11,12,11,1
California,06,Sacramento,067,2010,11,9,7,0
California,06,Kern,029,2010,12,1,1,0
California,06,Los Angeles,037,2010,12,1,1,0
California,06,Orange,059,2010,12,6,2,1
California,06,Sacramento,067,2010,12,14,7,0
California,06,Kern,029,2011,1,1,1,0
California,06,Los Angeles,037,2011,1,4,3,0
California,06,Orange,059,2011,1,8,8,0
California,06,Sacramento,067,2011,1,7,6,0
California,06,San Bernardino,071,2011,1,3,3,0
California,06,Los Angeles,037,2011,2,6,5,0
California,06,Orange,059,2011,2,5,2,0
California,06,Sacramento,067,2011,2,9,8,1
California,06,Fresno,019,2011,3,3,3,0
California,06,Los Angeles,037,2011,3,7,4,0
California,06,Merced,047,2011,3,1,0,0
California,06,Orange,059,2011,3,6,6,0
California,06,Placer,061,2011,3,2,2,0
California,06,Riverside,065,2011,3,2,1,0
California,06,Sacramento,067,2011,3,39,30,0
California,06,San Bernardino,071,2011,3,3,3,0
California,06,San Joaquin,077,2011,3,2,1,0
California,06,Stanislaus,099,2011,3,1,1,0
California,06,Fresno,019,2011,4,7,4,0
California,06,Kern,029,2011,4,2,2,0
California,06,Los Angeles,037,2011,4,13,9,0
California,06,Merced,047,2011,4,2,0,0
California,06,Orange,059,2011,4,14,14,1
California,06,Placer,061,2011,4,8,7,0
California,06,Riverside,065,2011,4,2,1,0
California,06,Sacramento,067,2011,4,53,44,0
California,06,San Bernardino,071,2011,4,12,9,0
California,06,San Joaquin,077,2011,4,12,12,0
California,06,Stanislaus,099,2011,4,14,10,0
California,06,Tulare,107,2011,4,3,1,0
California,06,Fresno,019,2011,5,12,8,0
California,06,Kern,029,2011,5,14,10,0
California,06,Los Angeles,037,2011,5,46,33,1
California,06,Merced,047,2011,5,3,2,0
California,06,Orange,059,2011,5,30,25,1
California,06,Placer,061,2011,5,3,1,0
California,06,Riverside,065,2011,5,2,2,0
California,06,Sacramento,067,2011,5,56,44,0
California,06,San Bernardino,071,2011,5,20,17,0
California,06,San Joaquin,077,2011,5,9,9,0
California,06,Solano,095,2011,5,5,1,0
California,06,Stanislaus,099,2011,5,6,6,0
California,06,Tulare,107,2011,5,8,7,2
California,06,Fresno,019,2011,6,27,13,0
California,06,Kern,029,2011,6,18,17,0
California,06,Los Angeles,037,2011,6,43,37,14
California,06,Merced,047,2011,6,10,4,0
California,06,Orange,059,2011,6,40,26,2
California,06,Placer,061,2011,6,6,4,0
California,06,Riverside,065,2011,6,5,4,1
California,06,Sacramento,067,2011,6,60,49,0
California,06,San Bernardino,071,2011,6,12,8,0
California,06,San Joaquin,077,2011,6,3,2,0
California,06,Solano,095,2011,6,4,2,0
California,06,Stanislaus,099,2011,6,14,13,0
California,06,Tulare,107,2011,6,31,20,7
California,06,Fresno,019,2011,7,13,9,6
California,06,Kern,029,2011,7,3,1,0
California,06,Los Angeles,037,2011,7,88,75,45
California,06,Merced,047,2011,7,1,0,0
California,06,Orange,059,2011,7,21,16,6
California,06,Placer,061,2011,7,10,6,1
California,06,Riverside,065,2011,7,5,1,0
California,06,Sacramento,067,2011,7,84,58,19
California,06,San Bernardino,071,2011,7,12,11,1
California,06,San Joaquin,077,2011,7,13,7,3
California,06,Solano,095,2011,7,5,2,0
California,06,Stanislaus,099,2011,7,8,7,3
California,06,Tulare,107,2011,7,31,25,18
California,06,Fresno,019,2011,8,14,9,6
California,06,Kern,029,2011,8,9,5,3
California,06,Los Angeles,037,2011,8,154,134,98
California,06,Merced,047,2011,8,13,7,2
California,06,Orange,059,2011,8,30,21,8
California,06,Placer,061,2011,8,16,10,2
California,06,Riverside,065,2011,8,12,10,2
California,06,Sacramento,067,2011,8,125,89,50
California,06,San Bernardino,071,2011,8,38,31,15
California,06,San Joaquin,077,2011,8,23,21,9
California,06,Stanislaus,099,2011,8,21,13,6
California,06,Tulare,107,2011,8,13,10,8
California,06,Fresno,019,2011,9,6,5,3
California,06,Kern,029,2011,9,2,2,0
California,06,Los Angeles,037,2011,9,114,89,55
California,06,Merced,047,2011,9,14,7,6
California,06,Orange,059,2011,9,36,34,21
California,06,Placer,061,2011,9,12,12,6
California,06,Riverside,065,2011,9,10,5,3
California,06,Sacramento,067,2011,9,102,72,53
California,06,San Bernardino,071,2011,9,22,16,14
California,06,San Joaquin,077,2011,9,22,15,10
California,06,Solano,095,2011,9,2,1,0
California,06,Stanislaus,099,2011,9,21,16,13
California,06,Tulare,107,2011,9,19,14,5
California,06,Fresno,019,2011,10,4,1,0
California,06,Kern,029,2011,10,8,7,0
California,06,Los Angeles,037,2011,10,46,37,12
California,06,Merced,047,2011,10,9,5,1
California,06,Orange,059,2011,10,22,19,8
California,06,Placer,061,2011,10,8,6,1
California,06,Riverside,065,2011,10,4,4,1
California,06,Sacramento,067,2011,10,48,36,11
California,06,San Bernardino,071,2011,10,10,7,3
California,06,San Joaquin,077,2011,10,10,6,5
California,06,Solano,095,2011,10,1,1,1
California,06,Stanislaus,099,2011,10,4,2,2
California,06,Tulare,107,2011,10,3,3,2
California,06,Kern,029,2011,11,6,5,1
California,06,Los Angeles,037,2011,11,8,6,1
California,06,Orange,059,2011,11,13,13,1
California,06,Placer,061,2011,11,3,3,0
California,06,Riverside,065,2011,11,5,3,0
California,06,Sacramento,067,2011,11,34,27,0
California,06,San Bernardino,071,2011,11,23,5,0
California,06,San Joaquin,077,2011,11,4,0,0
California,06,Kern,029,2011,12,5,5,0
California,06,Los Angeles,037,2011,12,13,8,1
California,06,Orange,059,2011,12,17,17,2
California,06,Placer,061,2011,12,4,4,0
California,06,Riverside,065,2011,12,2,2,0
California,06,Sacramento,067,2011,12,9,7,0
California,06,San Bernardino,071,2011,12,5,2,0
California,06,San Joaquin,077,2011,12,1,0,0
California,06,Los Angeles,037,2012,1,11,7,0
California,06,Orange,059,2012,1,4,4,0
California,06,Placer,061,2012,1,3,3,0
California,06,Sacramento,067,2012,1,15,14,1
California,06,San Bernardino,071,2012,1,10,1,0
California,06,San Joaquin,077,2012,1,3,0,0
California,06,Kern,029,2012,2,9,6,0
California,06,Los Angeles,037,2012,2,9,6,1
California,06,Orange,059,2012,2,12,12,0
California,06,Placer,061,2012,2,10,8,0
California,06,Riverside,065,2012,2,1,1,0
California,06,Sacramento,067,2012,2,66,48,0
California,06,San Bernardino,071,2012,2,2,0,0
California,06,San Joaquin,077,2012,2,4,3,0
California,06,Fresno,019,2012,3,7,7,0
California,06,Kern,029,2012,3,7,4,0
California,06,Los Angeles,037,2012,3,16,11,0
California,06,Merced,047,2012,3,3,0,0
California,06,Orange,059,2012,3,11,11,0
California,06,Placer,061,2012,3,11,7,0
California,06,Riverside,065,2012,3,2,2,0
California,06,Sacramento,067,2012,3,51,42,0
California,06,San Bernardino,071,2012,3,2,2,0
California,06,San Joaquin,077,2012,3,5,5,0
California,06,Stanislaus,099,2012,3,2,1,0
California,06,Tulare,107,2012,3,3,3,0
California,06,Fresno,019,2012,4,5,2,0
California,06,Kern,029,2012,4,5,4,0
California,06,Los Angeles,037,2012,4,21,16,0
California,06,Orange,059,2012,4,12,11,0
California,06,Placer,061,2012,4,11,8,0
California,06,Riverside,065,2012,4,2,0,0
California,06,Sacramento,067,2012,4,41,27,1
California,06,San Bernardino,071,2012,4,4,1,0
California,06,San Joaquin,077,2012,4,6,6,0
California,06,Solano,095,2012,4,3,1,0
California,06,Stanislaus,099,2012,4,4,0,0
California,06,Tulare,107,2012,4,3,3,0
California,06,Fresno,019,2012,5,6,2,0
California,06,Kern,029,2012,5,11,5,0
California,06,Los Angeles,037,2012,5,37,29,1
California,06,Merced,047,2012,5,9,5,1
California,06,Orange,059,2012,5,29,29,0
California,06,Placer,061,2012,5,53,38,0
California,06,Riverside,065,2012,5,9,6,0
California,06,Sacramento,067,2012,5,243,150,24
California,06,San Bernardino,071,2012,5,11,7,0
California,06,San Joaquin,077,2012,5,31,26,5
California,06,Solano,095,2012,5,2,1,0
California,06,Stanislaus,099,2012,5,16,13,2
California,06,Tulare,107,2012,5,21,13,0
California,06,Fresno,019,2012,6,16,13,7
California,06,Kern,029,2012,6,23,16,4
California,06,Los Angeles,037,2012,6,60,54,6
California,06,Merced,047,2012,6,16,11,7
California,06,Orange,059,2012,6,33,33,1
California,06,Placer,061,2012,6,64,56,1
California,06,Riverside,065,2012,6,6,3,1
California,06,Sacramento,067,2012,6,506,277,171
California,06,San Bernardino,071,2012,6,17,10,0
California,06,San Joaquin,077,2012,6,28,23,11
California,06,Solano,095,2012,6,25,15,7
California,06,Stanislaus,099,2012,6,47,36,10
California,06,Tulare,107,2012,6,46,32,16
California,06,Fresno,019,2012,7,10,7,3
California,06,Kern,029,2012,7,11,9,8
California,06,Los Angeles,037,2012,7,84,63,27
California,06,Merced,047,2012,7,18,9,6
California,06,Orange,059,2012,7,44,43,5
California,06,Placer,061,2012,7,78,55,14
California,06,Riverside,065,2012,7,7,6,1
California,06,Sacramento,067,2012,7,422,185,133
California,06,San Bernardino,071,2012,7,23,19,4
California,06,San Joaquin,077,2012,7,39,31,18
California,06,Solano,095,2012,7,22,15,9
California,06,Stanislaus,099,2012,7,25,19,12
California,06,Tulare,107,2012,7,43,30,24
California,06,Fresno,019,2012,8,18,12,7
California,06,Kern,029,2012,8,10,6,2
California,06,Los Angeles,037,2012,8,155,110,72
California,06,Merced,047,2012,8,31,22,20
California,06,Orange,059,2012,8,65,64,28
California,06,Placer,061,2012,8,87,62,29
California,06,Riverside,065,2012,8,7,4,1
California,06,Sacramento,067,2012,8,203,144,113
California,06,San Bernardino,071,2012,8,42,27,16
California,06,San Joaquin,077,2012,8,24,22,11
California,06,Solano,095,2012,8,10,9,5
California,06,Stanislaus,099,2012,8,35,20,13
California,06,Tulare,107,2012,8,19,11,6
California,06,Fresno,019,2012,9,17,13,7
California,06,Kern,029,2012,9,6,5,0
California,06,Los Angeles,037,2012,9,179,139,98
California,06,Merced,047,2012,9,16,10,7
California,06,Orange,059,2012,9,65,65,36
California,06,Placer,061,2012,9,60,41,14
California,06,Riverside,065,2012,9,5,3,0
California,06,Sacramento,067,2012,9,27,22,21
California,06,San Bernardino,071,2012,9,34,29,13
California,06,San Joaquin,077,2012,9,19,18,11
California,06,Solano,095,2012,9,11,8,7
California,06,Stanislaus,099,2012,9,21,13,12
California,06,Tulare,107,2012,9,12,11,6
California,06,Fresno,019,2012,10,8,4,1
California,06,Kern,029,2012,10,1,1,0
California,06,Los Angeles,037,2012,10,123,94,55
California,06,Merced,047,2012,10,4,3,1
California,06,Orange,059,2012,10,49,49,18
California,06,Placer,061,2012,10,35,22,3
California,06,Riverside,065,2012,10,4,2,1
California,06,San Bernardino,071,2012,10,19,17,6
California,06,San Joaquin,077,2012,10,9,6,1
California,06,Stanislaus,099,2012,10,13,10,2
California,06,Tulare,107,2012,10,11,7,2
California,06,Kern,029,2012,11,1,0,0
California,06,Los Angeles,037,2012,11,37,26,11
California,06,Orange,059,2012,11,26,26,2
California,06,Placer,061,2012,11,16,13,0
California,06,Riverside,065,2012,11,3,3,1
California,06,Sacramento,067,2012,11,39,27,2
California,06,San Bernardino,071,2012,11,8,7,0
California,06,San Joaquin,077,2012,11,9,5,1
California,06,Tulare,107,2012,11,2,0,0
California,06,Kern,029,2012,12,2,2,0
California,06,Los Angeles,037,2012,12,3,2,0
California,06,Orange,059,2012,12,4,4,0
California,06,Placer,061,2012,12,10,8,0
California,06,Riverside,065,2012,12,2,2,0
California,06,Sacramento,067,2012,12,32,24,0
California,06,San Bernardino,071,2012,12,2,1,0
California,06,San Joaquin,077,2012,12,1,0,0
California,06,Tulare,107,2012,12,2,0,0
California,06,Kern,029,2013,1,1,1,0
California,06,Los Angeles,037,2013,1,9,5,0
California,06,Orange,059,2013,1,9,9,0
California,06,Placer,061,2013,1,13,9,0
California,06,Riverside,065,2013,1,6,2,0
California,06,Sacramento,067,2013,1,24,18,0
California,06,San Bernardino,071,2013,1,3,3,0
California,06,San Joaquin,077,2013,1,9,8,0
California,06,Kern,029,2013,2,4,3,0
California,06,Los Angeles,037,2013,2,5,4,1
California,06,Orange,059,2013,2,17,17,0
California,06,Placer,061,2013,2,15,13,0
California,06,Riverside,065,2013,2,1,0,0
California,06,Sacramento,067,2013,2,44,29,0
California,06,San Bernardino,071,2013,2,4,4,0
California,06,Fresno,019,2013,3,4,4,0
California,06,Kern,029,2013,3,4,3,0
California,06,Los Angeles,037,2013,3,14,11,0
California,06,Merced,047,2013,3,1,0,0
California,06,Orange,059,2013,3,12,12,0
California,06,Placer,061,2013,3,11,7,0
California,06,Riverside,065,2013,3,2,2,0
California,06,Sacramento,067,2013,3,42,29,0
California,06,San Bernardino,071,2013,3,5,3,0
California,06,San Joaquin,077,2013,3,1,1,0
California,06,Solano,095,2013,3,1,0,0
California,06,Stanislaus,099,2013,3,1,0,0
California,06,Tulare,107,2013,3,4,4,0
California,06,Fresno,019,2013,4,7,5,0
California,06,Kern,029,2013,4,4,3,0
California,06,Los Angeles,037,2013,4,19,12,0
California,06,Merced,047,2013,4,3,1,0
California,06,Orange,059,2013,4,10,10,0
California,06,Placer,061,2013,4,6,6,0
California,06,Riverside,065,2013,4,4,2,0
California,06,Sacramento,067,2013,4,58,36,0
California,06,San Bernardino,071,2013,4,10,10,0
California,06,San Joaquin,077,2013,4,5,3,0
California,06,Stanislaus,099,2013,4,3,1,0
California,06,Tulare,107,2013,4,4,4,0
California,06,Fresno,019,2013,5,17,13,1
California,06,Kern,029,2013,5,6,3,0
California,06,Los Angeles,037,2013,5,64,45,6
California,06,Merced,047,2013,5,13,9,3
California,06,Orange,059,2013,5,34,33,1
California,06,Placer,061,2013,5,17,13,0
California,06,Riverside,065,2013,5,4,3,0
California,06,Sacramento,067,2013,5,83,56,2
California,06,San Bernardino,071,2013,5,16,12,0
California,06,San Joaquin,077,2013,5,16,12,2
California,06,Solano,095,2013,5,7,6,0
California,06,Stanislaus,099,2013,5,16,9,0
California,06,Tulare,107,2013,5,10,6,0
California,06,Fresno,019,2013,6,24,14,3
California,06,Kern,029,2013,6,2,2,1
California,06,Los Angeles,037,2013,6,96,85,42
California,06,Merced,047,2013,6,24,16,10
California,06,Orange,059,2013,6,64,63,1
California,06,Placer,061,2013,6,36,25,2
California,06,Riverside,065,2013,6,3,0,0
California,06,Sacramento,067,2013,6,107,65,15
California,06,San Bernardino,071,2013,6,11,9,1
California,06,San Joaquin,077,2013,6,17,14,2
California,06,Solano,095,2013,6,7,3,2
California,06,Stanislaus,099,2013,6,16,7,3
California,06,Tulare,107,2013,6,7,4,0
California,06,Fresno,019,2013,7,22,19,2
California,06,Kern,029,2013,7,9,4,1
California,06,Los Angeles,037,2013,7,219,188,146
California,06,Merced,047,2013,7,28,14,11
California,06,Orange,059,2013,7,45,36,2
California,06,Placer,061,2013,7,63,47,12
California,06,Riverside,065,2013,7,20,18,11
California,06,Sacramento,067,2013,7,131,108,73
California,06,San Bernardino,071,2013,7,20,17,6
California,06,San Joaquin,077,2013,7,31,25,17
California,06,Solano,095,2013,7,11,7,6
California,06,Stanislaus,099,2013,7,17,13,5
California,06,Tulare,107,2013,7,8,7,2
California,06,Fresno,019,2013,8,13,6,2
California,06,Kern,029,2013,8,2,2,0
California,06,Los Angeles,037,2013,8,204,145,99
California,06,Merced,047,2013,8,15,15,10
California,06,Orange,059,2013,8,56,56,19
California,06,Placer,061,2013,8,38,27,14
California,06,Riverside,065,2013,8,12,9,7
California,06,Sacramento,067,2013,8,119,77,47
California,06,San Bernardino,071,2013,8,33,28,16
California,06,San Joaquin,077,2013,8,25,16,7
California,06,Solano,095,2013,8,10,5,3
California,06,Stanislaus,099,2013,8,9,8,5
California,06,Tulare,107,2013,8,4,4,1
California,06,Fresno,019,2013,9,4,3,2
California,06,Los Angeles,037,2013,9,25,13,10
California,06,Merced,047,2013,9,5,5,5
California,06,Orange,059,2013,9,29,29,9
California,06,Placer,061,2013,9,34,26,10
California,06,Riverside,065,2013,9,7,6,4
California,06,Sacramento,067,2013,9,83,33,33
California,06,San Bernardino,071,2013,9,17,14,14
California,06,San Joaquin,077,2013,9,13,10,5
California,06,Solano,095,2013,9,7,5,4
California,06,Stanislaus,099,2013,9,1,0,0
California,06,Tulare,107,2013,9,3,3,3
California,06,Fresno,019,2013,10,2,1,1
California,06,Los Angeles,037,2013,10,15,10,7
California,06,Orange,059,2013,10,36,36,9
California,06,Placer,061,2013,10,10,8,1
California,06,Riverside,065,2013,10,1,0,0
California,06,Sacramento,067,2013,10,54,9,9
California,06,San Bernardino,071,2013,10,2,1,1
California,06,San Joaquin,077,2013,10,3,2,1
California,06,Solano,095,2013,10,3,0,0
California,06,Tulare,107,2013,10,3,3,1
California,06,Fresno,019,2013,11,2,2,1
California,06,Los Angeles,037,2013,11,3,3,2
California,06,Orange,059,2013,11,15,15,1
California,06,Placer,061,2013,11,6,5,0
California,06,San Bernardino,071,2013,11,1,0,0
California,06,Los Angeles,037,2013,12,1,1,0
California,06,Orange,059,2013,12,12,12,1
California,06,Placer,061,2013,12,3,3,0
California,06,Los Angeles,037,2014,1,2,0,0
California,06,Orange,059,2014,1,12,11,0
California,06,Placer,061,2014,1,7,6,0
California,06,San Joaquin,077,2014,1,1,1,1
California,06,Los Angeles,037,2014,2,4,3,2
California,06,Orange,059,2014,2,13,13,0
California,06,Placer,061,2014,2,4,2,0
California,06,Riverside,065,2014,2,1,0,0
California,06,Sacramento,067,2014,2,1,0,0
California,06,San Bernardino,071,2014,2,1,1,0
California,06,San Joaquin,077,2014,2,1,1,0
California,06,Solano,095,2014,2,1,0,0
California,06,Fresno,019,2014,3,2,0,0
California,06,Los Angeles,037,2014,3,3,2,0
California,06,Orange,059,2014,3,5,5,0
California,06,Placer,061,2014,3,3,0,0
California,06,San Bernardino,071,2014,3,2,2,0
California,06,San Joaquin,077,2014,3,1,1,0
California,06,Stanislaus,099,2014,3,1,0,0
California,06,Los Angeles,037,2014,4,2,1,0
California,06,Orange,059,2014,4,10,10,0
California,06,Placer,061,2014,4,8,2,0
California,06,Sacramento,067,2014,4,24,20,0
California,06,San Bernardino,071,2014,4,10,6,2
California,06,San Joaquin,077,2014,4,5,5,0
California,06,Solano,095,2014,4,2,2,0
California,06,Stanislaus,099,2014,4,1,0,0
California,06,Tulare,107,2014,4,7,6,0
California,06,Fresno,019,2014,5,4,2,2
California,06,Kern,029,2014,5,1,1,0
California,06,Los Angeles,037,2014,5,22,7,0
California,06,Merced,047,2014,5,1,1,0
California,06,Orange,059,2014,5,35,32,6
California,06,Placer,061,2014,5,14,11,0
California,06,Riverside,065,2014,5,6,6,0
California,06,Sacramento,067,2014,5,99,74,1
California,06,San Bernardino,071,2014,5,2,2,0
California,06,San Joaquin,077,2014,5,14,8,0
California,06,Solano,095,2014,5,4,3,2
California,06,Stanislaus,099,2014,5,6,4,3
California,06,Tulare,107,2014,5,17,14,11
California,06,Fresno,019,2014,6,4,3,1
California,06,Los Angeles,037,2014,6,21,9,1
California,06,Merced,047,2014,6,10,1,0
California,06,Orange,059,2014,6,34,22,11
California,06,Placer,061,2014,6,51,35,4
California,06,Riverside,065,2014,6,5,3,0
California,06,Sacramento,067,2014,6,174,134,59
California,06,San Bernardino,071,2014,6,4,3,1
California,06,San Joaquin,077,2014,6,23,15,7
California,06,Solano,095,2014,6,19,15,9
California,06,Stanislaus,099,2014,6,24,12,7
California,06,Tulare,107,2014,6,23,19,17
California,06,Fresno,019,2014,7,7,5,5
California,06,Kern,029,2014,7,3,2,2
California,06,Los Angeles,037,2014,7,32,25,9
California,06,Merced,047,2014,7,6,1,0
California,06,Orange,059,2014,7,106,103,74
California,06,Placer,061,2014,7,62,46,13
California,06,Riverside,065,2014,7,2,1,0
California,06,Sacramento,067,2014,7,225,183,128
California,06,San Bernardino,071,2014,7,9,9,5
California,06,San Joaquin,077,2014,7,33,20,18
California,06,Solano,095,2014,7,27,21,17
California,06,Stanislaus,099,2014,7,29,18,11
California,06,Tulare,107,2014,7,13,9,7
California,06,Fresno,019,2014,8,6,1,1
California,06,Kern,029,2014,8,1,1,1
California,06,Los Angeles,037,2014,8,61,45,36
California,06,Merced,047,2014,8,6,2,2
California,06,Orange,059,2014,8,195,191,155
California,06,Placer,061,2014,8,40,26,18
California,06,Riverside,065,2014,8,5,3,1
California,06,Sacramento,067,2014,8,86,75,67
California,06,San Bernardino,071,2014,8,9,7,5
California,06,San Joaquin,077,2014,8,32,25,15
California,06,Solano,095,2014,8,8,6,4
California,06,Stanislaus,099,2014,8,30,22,16
California,06,Tulare,107,2014,8,14,10,5
California,06,Fresno,019,2014,9,3,1,0
California,06,Los Angeles,037,2014,9,64,49,40
California,06,Merced,047,2014,9,7,7,6
California,06,Orange,059,2014,9,162,162,118
California,06,Placer,061,2014,9,21,14,4
California,06,Riverside,065,2014,9,1,0,0
California,06,Sacramento,067,2014,9,51,40,34
California,06,San Bernardino,071,2014,9,11,9,4
California,06,San Joaquin,077,2014,9,16,14,11
California,06,Solano,095,2014,9,1,1,1
California,06,Stanislaus,099,2014,9,17,15,10
California,06,Tulare,107,2014,9,1,0,0
California,06,Los Angeles,037,2014,10,18,14,11
California,06,Merced,047,2014,10,2,0,0
California,06,Orange,059,2014,10,101,97,58
California,06,Placer,061,2014,10,15,10,1
California,06,Riverside,065,2014,10,1,1,0
California,06,Sacramento,067,2014,10,10,9,5
California,06,San Bernardino,071,2014,10,3,2,0
California,06,San Joaquin,077,2014,10,9,4,1
California,06,Stanislaus,099,2014,10,2,0,0
California,06,Orange,059,2014,11,49,40,9
California,06,Placer,061,2014,11,4,4,0
California,06,Riverside,065,2014,11,1,1,0
California,06,San Bernardino,071,2014,11,2,1,0
California,06,Los Angeles,037,2014,12,1,0,0
California,06,Orange,059,2014,12,19,19,0
California,06,Placer,061,2014,12,7,6,0
California,06,Orange,059,2015,1,11,11,0
California,06,Placer,061,2015,1,9,8,0
California,06,Orange,059,2015,2,15,15,0
California,06,Placer,061,2015,2,11,11,0
California,06,Sacramento,067,2015,2,1,0,0
California,06,San Bernardino,071,2015,2,1,1,0
California,06,Orange,059,2015,3,9,9,0
California,06,Placer,061,2015,3,19,16,0
California,06,San Bernardino,071,2015,3,2,2,0
California,06,San Joaquin,077,2015,3,2,2,0
California,06,Los Angeles,037,2015,4,5,5,0
California,06,Merced,047,2015,4,1,1,0
California,06,Orange,059,2015,4,15,15,0
California,06,Placer,061,2015,4,18,13,0
California,06,Riverside,065,2015,4,1,1,0
California,06,Sacramento,067,2015,4,18,14,0
California,06,San Bernardino,071,2015,4,7,5,0
California,06,San Joaquin,077,2015,4,11,5,0
California,06,Solano,095,2015,4,2,0,0
California,06,Stanislaus,099,2015,4,2,2,0
California,06,Tulare,107,2015,4,4,4,0
California,06,Fresno,019,2015,5,4,2,0
California,06,Los Angeles,037,2015,5,17,11,0
California,06,Merced,047,2015,5,6,4,0
California,06,Orange,059,2015,5,40,40,0
California,06,Placer,061,2015,5,32,27,0
California,06,Riverside,065,2015,5,4,3,2
California,06,Sacramento,067,2015,5,91,75,0
California,06,San Bernardino,071,2015,5,7,6,1
California,06,San Joaquin,077,2015,5,12,8,0
California,06,Solano,095,2015,5,5,2,1
California,06,Stanislaus,099,2015,5,20,17,1
California,06,Tulare,107,2015,5,6,5,1
California,06,Fresno,019,2015,6,4,2,0
California,06,Los Angeles,037,2015,6,24,18,2
California,06,Merced,047,2015,6,3,1,0
California,06,Orange,059,2015,6,45,45,5
California,06,Placer,061,2015,6,39,25,0
California,06,Riverside,065,2015,6,9,7,4
California,06,Sacramento,067,2015,6,120,69,7
California,06,San Bernardino,071,2015,6,12,6,1
California,06,San Joaquin,077,2015,6,16,12,1
California,06,Solano,095,2015,6,3,2,0
California,06,Stanislaus,099,2015,6,13,9,3
California,06,Tulare,107,2015,6,15,12,10
California,06,Fresno,019,2015,7,2,2,0
California,06,Kern,029,2015,7,2,1,1
California,06,Los Angeles,037,2015,7,9,8,1
California,06,Merced,047,2015,7,10,4,1
California,06,Orange,059,2015,7,54,54,5
California,06,Placer,061,2015,7,26,17,4
California,06,Riverside,065,2015,7,19,17,14
California,06,Sacramento,067,2015,7,93,60,20
California,06,San Bernardino,071,2015,7,4,3,2
California,06,San Joaquin,077,2015,7,16,13,6
California,06,Solano,095,2015,7,5,4,3
California,06,Stanislaus,099,2015,7,11,7,5
California,06,Tulare,107,2015,7,19,13,8
California,06,Fresno,019,2015,8,3,3,3
California,06,Los Angeles,037,2015,8,24,21,15
California,06,Merced,047,2015,8,1,0,0
California,06,Orange,059,2015,8,60,60,22
California,06,Placer,061,2015,8,38,26,7
California,06,Riverside,065,2015,8,42,34,28
California,06,Sacramento,067,2015,8,100,73,41
California,06,San Bernardino,071,2015,8,15,13,13
California,06,San Joaquin,077,2015,8,15,10,5
California,06,Solano,095,2015,8,7,3,3
California,06,Stanislaus,099,2015,8,10,6,4
California,06,Tulare,107,2015,8,9,8,3
California,06,Fresno,019,2015,9,1,1,0
California,06,Los Angeles,037,2015,9,50,34,29
California,06,Merced,047,2015,9,5,1,1
California,06,Orange,059,2015,9,68,68,24
California,06,Placer,061,2015,9,40,31,10
California,06,Riverside,065,2015,9,35,30,25
California,06,Sacramento,067,2015,9,67,49,26
California,06,San Bernardino,071,2015,9,14,10,6
California,06,San Joaquin,077,2015,9,12,11,4
California,06,Solano,095,2015,9,5,2,2
California,06,Stanislaus,099,2015,9,6,2,0
California,06,Tulare,107,2015,9,1,1,0
California,06,Fresno,019,2015,10,2,0,0
California,06,Los Angeles,037,2015,10,41,31,24
California,06,Merced,047,2015,10,4,2,1
California,06,Orange,059,2015,10,57,57,20
California,06,Placer,061,2015,10,14,11,0
California,06,Riverside,065,2015,10,15,15,9
California,06,Sacramento,067,2015,10,25,23,9
California,06,San Bernardino,071,2015,10,4,3,2
California,06,San Joaquin,077,2015,10,9,7,2
California,06,Solano,095,2015,10,2,1,1
California,06,Stanislaus,099,2015,10,2,1,1
California,06,Tulare,107,2015,10,1,1,1
California,06,Los Angeles,037,2015,11,31,31,27
California,06,Orange,059,2015,11,32,31,7
California,06,Placer,061,2015,11,6,5,0
California,06,Riverside,065,2015,11,3,3,0
California,06,Los Angeles,037,2015,12,8,7,5
California,06,Orange,059,2015,12,24,24,0
California,06,Placer,061,2015,12,5,3,0
California,06,Tulare,107,2015,12,1,0,0
California,06,Los Angeles,037,2016,1,1,0,0
California,06,Orange,059,2016,1,20,20,0
California,06,Placer,061,2016,1,6,6,0
California,06,Riverside,065,2016,1,1,1,0
California,06,Los Angeles,037,2016,2,1,1,1
California,06,Orange,059,2016,2,10,9,0
California,06,Placer,061,2016,2,12,10,0
California,06,Riverside,065,2016,2,2,2,0
California,06,San Bernardino,071,2016,2,2,2,0
California,06,Los Angeles,037,2016,3,3,2,0
California,06,Orange,059,2016,3,14,14,0
California,06,Placer,061,2016,3,9,8,0
California,06,Riverside,065,2016,3,1,1,0
California,06,San Bernardino,071,2016,3,1,1,0
California,06,Fresno,019,2016,4,3,1,0
California,06,Los Angeles,037,2016,4,5,2,1
California,06,Orange,059,2016,4,19,18,0
California,06,Placer,061,2016,4,9,9,0
California,06,Riverside,065,2016,4,1,1,0
California,06,Sacramento,067,2016,4,13,12,0
California,06,San Joaquin,077,2016,4,2,2,0
California,06,Solano,095,2016,4,1,1,1
California,06,Tulare,107,2016,4,1,1,0
California,06,Kern,029,2016,5,1,1,0
California,06,Los Angeles,037,2016,5,34,23,7
California,06,Merced,047,2016,5,2,0,0
California,06,Orange,059,2016,5,60,56,5
California,06,Placer,061,2016,5,24,20,0
California,06,Riverside,065,2016,5,4,3,0
California,06,Sacramento,067,2016,5,80,66,8
California,06,San Bernardino,071,2016,5,8,8,0
California,06,San Joaquin,077,2016,5,10,7,0
California,06,Solano,095,2016,5,14,7,0
California,06,Stanislaus,099,2016,5,4,2,0
California,06,Tulare,107,2016,5,5,5,0
California,06,Fresno,019,2016,6,5,3,2
California,06,Kern,029,2016,6,1,0,0
California,06,Los Angeles,037,2016,6,42,39,19
California,06,Merced,047,2016,6,2,0,0
California,06,Orange,059,2016,6,55,53,5
California,06,Placer,061,2016,6,37,28,1
California,06,Riverside,065,2016,6,10,9,2
California,06,Sacramento,067,2016,6,326,264,167
California,06,San Bernardino,071,2016,6,4,4,1
California,06,San Joaquin,077,2016,6,24,22,10
California,06,Solano,095,2016,6,1,1,0
California,06,Stanislaus,099,2016,6,6,4,2
California,06,Fresno,019,2016,7,4,1,1
California,06,Los Angeles,037,2016,7,37,27,19
California,06,Merced,047,2016,7,4,3,3
California,06,Orange,059,2016,7,52,46,12
California,06,Placer,061,2016,7,34,28,11
California,06,Riverside,065,2016,7,13,10,4
California,06,Sacramento,067,2016,7,229,195,151
California,06,San Bernardino,071,2016,7,5,4,0
California,06,San Joaquin,077,2016,7,15,11,11
California,06,Solano,095,2016,7,3,0,0
California,06,Stanislaus,099,2016,7,9,6,4
California,06,Tulare,107,2016,7,5,4,1
California,06,Fresno,019,2016,8,9,3,3
California,06,Los Angeles,037,2016,8,73,62,54
California,06,Merced,047,2016,8,8,4,2
California,06,Orange,059,2016,8,84,81,39
California,06,Placer,061,2016,8,51,40,11
California,06,Riverside,065,2016,8,12,10,6
California,06,Sacramento,067,2016,8,122,107,74
California,06,San Bernardino,071,2016,8,4,4,3
California,06,San Joaquin,077,2016,8,26,23,14
California,06,Solano,095,2016,8,8,8,5
California,06,Stanislaus,099,2016,8,11,6,4
California,06,Tulare,107,2016,8,4,4,2
California,06,Los Angeles,037,2016,9,22,17,14
California,06,Merced,047,2016,9,3,0,0
California,06,Orange,059,2016,9,58,57,21
California,06,Placer,061,2016,9,20,18,5
California,06,Riverside,065,2016,9,7,6,4
California,06,Sacramento,067,2016,9,57,40,11
California,06,San Bernardino,071,2016,9,2,2,1
California,06,San Joaquin,077,2016,9,9,6,2
California,06,Solano,095,2016,9,13,12,7
California,06,Stanislaus,099,2016,9,10,7,3
California,06,Tulare,107,2016,9,1,1,0
California,06,Los Angeles,037,2016,10,13,9,6
California,06,Merced,047,2016,10,2,2,0
California,06,Orange,059,2016,10,29,27,4
California,06,Placer,061,2016,10,18,17,2
California,06,Riverside,065,2016,10,1,1,0
California,06,Sacramento,067,2016,10,20,17,0
California,06,San Bernardino,071,2016,10,1,1,0
California,06,Solano,095,2016,10,3,1,0
California,06,Stanislaus,099,2016,10,1,1,1
California,06,Tulare,107,2016,10,1,1,0
California,06,Los Angeles,037,2016,11,4,3,3
California,06,Orange,059,2016,11,18,17,4
California,06,Placer,061,2016,11,4,4,0
California,06,San Bernardino,071,2016,11,1,1,0
California,06,Los Angeles,037,2016,12,4,3,0
California,06,Orange,059,2016,12,12,11,1
California,06,Placer,061,2016,12,2,2,0
California,06,Riverside,065,2016,12,1,0,0
California,06,San Bernardino,071,2016,12,1,0,0
California,06,Los Angeles,037,2017,1,1,1,0
California,06,Orange,059,2017,1,17,17,1
California,06,Placer,061,2017,1,4,4,0
California,06,Los Angeles,037,2017,2,4,2,0
California,06,Orange,059,2017,2,15,15,0
California,06,Placer,061,2017,2,1,1,0
California,06,San Bernardino,071,2017,2,1,1,0
California,06,Los Angeles,037,2017,3,1,0,0
California,06,Orange,059,2017,3,24,23,0
California,06,Placer,061,2017,3,7,3,0
California,06,Fresno,019,2017,4,1,1,0
California,06,Los Angeles,037,2017,4,7,6,0
California,06,Orange,059,2017,4,26,26,0
California,06,Placer,061,2017,4,18,17,0
California,06,Riverside,065,2017,4,1,1,0
California,06,Sacramento,067,2017,4,11,8,0
California,06,San Joaquin,077,2017,4,6,6,0
California,06,Stanislaus,099,2017,4,2,2,0
California,06,Fresno,019,2017,5,1,1,0
California,06,Kern,029,2017,5,1,1,1
California,06,Los Angeles,037,2017,5,17,14,3
California,06,Orange,059,2017,5,53,53,1
California,06,Placer,061,2017,5,21,18,0
California,06,Riverside,065,2017,5,11,11,1
California,06,Sacramento,067,2017,5,101,85,6
California,06,San Bernardino,071,2017,5,9,6,0
California,06,San Joaquin,077,2017,5,10,7,0
California,06,Solano,095,2017,5,5,5,0
California,06,Stanislaus,099,2017,5,6,6,0
California,06,Tulare,107,2017,5,7,5,1
California,06,Fresno,019,2017,6,1,1,0
California,06,Kern,029,2017,6,1,0,0
California,06,Los Angeles,037,2017,6,21,17,4
California,06,Merced,047,2017,6,6,3,0
California,06,Orange,059,2017,6,70,70,3
California,06,Placer,061,2017,6,46,37,0
California,06,Riverside,065,2017,6,10,8,3
California,06,Sacramento,067,2017,6,126,105,9
California,06,San Bernardino,071,2017,6,13,12,8
California,06,San Joaquin,077,2017,6,16,13,1
California,06,Solano,095,2017,6,7,4,0
California,06,Stanislaus,099,2017,6,1,1,0
California,06,Tulare,107,2017,6,6,5,4
California,06,Fresno,019,2017,7,3,3,2
California,06,Kern,029,2017,7,2,2,2
California,06,Los Angeles,037,2017,7,34,28,20
California,06,Merced,047,2017,7,1,0,0
California,06,Orange,059,2017,7,60,58,6
California,06,Placer,061,2017,7,33,17,1
California,06,Riverside,065,2017,7,30,23,16
California,06,Sacramento,067,2017,7,59,53,17
California,06,San Bernardino,071,2017,7,16,13,11
California,06,San Joaquin,077,2017,7,12,7,4
California,06,Solano,095,2017,7,1,1,0
California,06,Stanislaus,099,2017,7,2,2,2
California,06,Tulare,107,2017,7,8,5,3
California,06,Fresno,019,2017,8,4,3,2
California,06,Los Angeles,037,2017,8,48,38,29
California,06,Merced,047,2017,8,2,2,1
California,06,Orange,059,2017,8,65,65,22
California,06,Placer,061,2017,8,18,11,0
California,06,Riverside,065,2017,8,13,10,8
California,06,Sacramento,067,2017,8,56,48,26
California,06,San Bernardino,071,2017,8,16,15,15
California,06,San Joaquin,077,2017,8,8,5,2
California,06,Solano,095,2017,8,7,5,1
California,06,Stanislaus,099,2017,8,7,6,2
California,06,Tulare,107,2017,8,1,1,0
California,06,Fresno,019,2017,9,4,2,1
California,06,Los Angeles,037,2017,9,42,34,32
California,06,Merced,047,2017,9,3,1,0
California,06,Orange,059,2017,9,68,66,21
California,06,Placer,061,2017,9,10,9,2
California,06,Riverside,065,2017,9,13,12,12
California,06,Sacramento,067,2017,9,45,42,22
California,06,San Bernardino,071,2017,9,13,11,10
California,06,San Joaquin,077,2017,9,6,2,0
California,06,Solano,095,2017,9,5,1,1
California,06,Stanislaus,099,2017,9,4,3,2
California,06,Fresno,019,2017,10,1,0,0
California,06,Los Angeles,037,2017,10,15,12,9
California,06,Merced,047,2017,10,1,1,0
California,06,Orange,059,2017,10,37,36,0
California,06,Placer,061,2017,10,7,5,1
California,06,Riverside,065,2017,10,2,2,1
California,06,Sacramento,067,2017,10,20,17,6
California,06,San Bernardino,071,2017,10,4,1,1
California,06,San Joaquin,077,2017,10,2,0,0
California,06,Solano,095,2017,10,6,5,2
California,06,Stanislaus,099,2017,10,3,2,0
California,06,Los Angeles,037,2017,11,7,7,4
California,06,Orange,059,2017,11,42,42,3
California,06,San Bernardino,071,2017,11,1,0,0
California,06,San Joaquin,077,2017,11,3,0,0
California,06,Los Angeles,037,2017,12,1,1,0
California,06,Orange,059,2017,12,9,7,0
California,06,Placer,061,2017,12,3,2,0
California,06,Riverside,065,2017,12,1,1,0
California,06,Los Angeles,037,2018,1,3,2,0
California,06,Orange,059,2018,1,17,17,0
California,06,Placer,061,2018,1,1,1,0
California,06,San Bernardino,071,2018,1,2,2,0
California,06,Solano,095,2018,1,1,0,0
California,06,Orange,059,2018,2,17,17,0
California,06,Riverside,065,2018,2,1,1,0
California,06,San Bernardino,071,2018,2,3,3,0
California,06,Tulare,107,2018,2,1,1,0
California,06,Los Angeles,037,2018,3,5,3,0
California,06,Orange,059,2018,3,20,20,0
California,06,Riverside,065,2018,3,1,0,0
California,06,Los Angeles,037,2018,4,1,0,0
California,06,Merced,047,2018,4,1,1,0
California,06,Orange,059,2018,4,23,23,0
California,06,Placer,061,2018,4,6,4,0
California,06,Riverside,065,2018,4,1,1,0
California,06,Sacramento,067,2018,4,16,15,0
California,06,San Bernardino,071,2018,4,1,1,0
California,06,San Joaquin,077,2018,4,3,2,0
California,06,Tulare,107,2018,4,1,1,0
California,06,Fresno,019,2018,5,3,0,0
California,06,Los Angeles,037,2018,5,15,13,1
California,06,Merced,047,2018,5,1,0,0
California,06,Orange,059,2018,5,45,45,0
California,06,Placer,061,2018,5,12,7,0
California,06,Riverside,065,2018,5,6,6,0
California,06,Sacramento,067,2018,5,74,58,3
California,06,San Bernardino,071,2018,5,1,1,0
California,06,San Joaquin,077,2018,5,11,10,0
California,06,Solano,095,2018,5,2,2,0
California,06,Stanislaus,099,2018,5,1,0,0
California,06,Tulare,107,2018,5,3,1,0
California,06,Fresno,019,2018,6,1,0,0
California,06,Los Angeles,037,2018,6,13,8,1
California,06,Merced,047,2018,6,2,0,0
California,06,Orange,059,2018,6,41,41,0
California,06,Placer,061,2018,6,69,34,0
California,06,Riverside,065,2018,6,5,5,2
California,06,Sacramento,067,2018,6,99,83,18
California,06,San Bernardino,071,2018,6,11,6,0
California,06,San Joaquin,077,2018,6,6,4,1
California,06,Solano,095,2018,6,4,2,0
California,06,Stanislaus,099,2018,6,7,4,1
California,06,Tulare,107,2018,6,3,3,0
California,06,Fresno,019,2018,7,2,1,0
California,06,Los Angeles,037,2018,7,16,11,1
California,06,Orange,059,2018,7,43,43,1
California,06,Placer,061,2018,7,64,48,13
California,06,Riverside,065,2018,7,8,8,1
California,06,Sacramento,067,2018,7,231,206,128
California,06,San Bernardino,071,2018,7,3,1,0
California,06,San Joaquin,077,2018,7,10,7,4
California,06,Solano,095,2018,7,3,2,0
California,06,Stanislaus,099,2018,7,2,2,0
California,06,Tulare,107,2018,7,3,2,0
California,06,Fresno,019,2018,8,2,0,0
California,06,Kern,029,2018,8,1,1,0
California,06,Los Angeles,037,2018,8,23,19,5
California,06,Orange,059,2018,8,35,35,4
California,06,Placer,061,2018,8,75,56,24
California,06,Riverside,065,2018,8,8,5,2
California,06,Sacramento,067,2018,8,160,132,76
California,06,San Bernardino,071,2018,8,1,0,0
California,06,San Joaquin,077,2018,8,14,7,6
California,06,Solano,095,2018,8,5,3,0
California,06,Stanislaus,099,2018,8,3,2,0
California,06,Tulare,107,2018,8,1,1,0
California,06,Fresno,019,2018,9,1,1,0
California,06,Kern,029,2018,9,1,1,1
California,06,Los Angeles,037,2018,9,17,15,8
California,06,Orange,059,2018,9,41,40,6
California,06,Placer,061,2018,9,36,27,6
California,06,Riverside,065,2018,9,1,0,0
California,06,Sacramento,067,2018,9,53,46,14
California,06,San Bernardino,071,2018,9,1,1,0
California,06,San Joaquin,077,2018,9,6,6,3
California,06,Solano,095,2018,9,6,3,0
California,06,Tulare,107,2018,9,1,1,0
California,06,Fresno,019,2018,10,2,2,0
California,06,Kern,029,2018,10,1,1,0
California,06,Los Angeles,037,2018,10,21,17,3
California,06,Merced,047,2018,10,1,0,0
California,06,Orange,059,2018,10,53,53,4
California,06,Placer,061,2018,10,32,24,1
California,06,Riverside,065,2018,10,4,4,1
California,06,Sacramento,067,2018,10,19,14,2
California,06,San Bernardino,071,2018,10,6,5,0
California,06,San Joaquin,077,2018,10,9,6,2
California,06,Solano,095,2018,10,2,2,0
California,06,Stanislaus,099,2018,10,1,0,0
California,06,Los Angeles,037,2018,11,4,4,0
California,06,Orange,059,2018,11,38,37,1
California,06,Placer,061,2018,11,11,9,0
California,06,Riverside,065,2018,11,3,2,0
California,06,San Bernardino,071,2018,11,1,0,0
California,06,Los Angeles,037,2018,12,2,0,0
California,06,Orange,059,2018,12,26,18,2
California,06,Placer,061,2018,12,6,4,0
California,06,Solano,095,2018,12,1,1,0
California,06,Los Angeles,037,2019,1,1,1,0
California,06,Orange,059,2019,1,25,24,0
California,06,Placer,061,2019,1,3,3,0
California,06,Riverside,065,2019,1,4,4,0
California,06,San Bernardino,071,2019,1,1,1,0
California,06,Los Angeles,037,2019,2,3,2,0
California,06,Orange,059,2019,2,18,18,0
California,06,Placer,061,2019,2,11,11,0
California,06,Riverside,065,2019,2,1,0,0
California,06,Los Angeles,037,2019,3,4,2,0
California,06,Orange,059,2019,3,12,12,0
California,06,Placer,061,2019,3,8,6,0
California,06,Riverside,065,2019,3,2,2,0
California,06,Los Angeles,037,2019,4,9,4,0
California,06,Merced,047,2019,4,1,1,0
California,06,Orange,059,2019,4,25,25,0
California,06,Placer,061,2019,4,13,8,0
California,06,Riverside,065,2019,4,5,5,0
California,06,Sacramento,067,2019,4,23,22,0
California,06,San Bernardino,071,2019,4,3,2,0
California,06,San Joaquin,077,2019,4,1,1,0
California,06,Solano,095,2019,4,2,2,0
California,06,Stanislaus,099,2019,4,3,2,0
California,06,Fresno,019,2019,5,6,1,0
California,06,Los Angeles,037,2019,5,17,9,0
California,06,Merced,047,2019,5,1,1,0
California,06,Orange,059,2019,5,42,42,1
California,06,Placer,061,2019,5,21,19,0
California,06,Riverside,065,2019,5,10,9,0
California,06,Sacramento,067,2019,5,71,67,0
California,06,San Bernardino,071,2019,5,3,3,0
California,06,San Joaquin,077,2019,5,9,7,0
California,06,Solano,095,2019,5,4,4,0
California,06,Stanislaus,099,2019,5,3,2,0
California,06,Tulare,107,2019,5,4,3,0
California,06,Fresno,019,2019,6,9,4,2
California,06,Los Angeles,037,2019,6,27,21,2
California,06,Merced,047,2019,6,1,0,0
California,06,Orange,059,2019,6,54,54,6
California,06,Placer,061,2019,6,21,14,0
California,06,Riverside,065,2019,6,5,4,0
California,06,Sacramento,067,2019,6,54,48,0
California,06,San Bernardino,071,2019,6,5,5,0
California,06,San Joaquin,077,2019,6,14,12,2
California,06,Solano,095,2019,6,1,1,0
California,06,Stanislaus,099,2019,6,6,3,0
California,06,Tulare,107,2019,6,8,6,4
California,06,Fresno,019,2019,7,15,5,5
California,06,Los Angeles,037,2019,7,31,20,4
California,06,Merced,047,2019,7,1,1,1
California,06,Orange,059,2019,7,67,67,2
California,06,Placer,061,2019,7,21,13,0
California,06,Riverside,065,2019,7,3,1,0
California,06,Sacramento,067,2019,7,70,64,8
California,06,San Joaquin,077,2019,7,3,1,1
California,06,Solano,095,2019,7,2,1,0
California,06,Stanislaus,099,2019,7,6,2,1
California,06,Tulare,107,2019,7,9,8,5
California,06,Fresno,019,2019,8,5,4,3
California,06,Kern,029,2019,8,2,2,2
California,06,Los Angeles,037,2019,8,31,28,8
California,06,Merced,047,2019,8,4,1,1
California,06,Orange,059,2019,8,59,58,5
California,06,Placer,061,2019,8,15,10,2
California,06,Riverside,065,2019,8,4,4,0
California,06,Sacramento,067,2019,8,58,57,21
California,06,San Bernardino,071,2019,8,3,3,1
California,06,San Joaquin,077,2019,8,11,7,2
California,06,Solano,095,2019,8,2,2,0
California,06,Stanislaus,099,2019,8,7,3,3
California,06,Tulare,107,2019,8,14,10,7
California,06,Fresno,019,2019,9,2,1,0
California,06,Los Angeles,037,2019,9,46,36,25
California,06,Merced,047,2019,9,2,1,1
California,06,Orange,059,2019,9,77,76,24
California,06,Placer,061,2019,9,11,10,1
California,06,Riverside,065,2019,9,7,7,3
California,06,Sacramento,067,2019,9,55,51,14
California,06,San Bernardino,071,2019,9,6,5,3
California,06,San Joaquin,077,2019,9,2,1,0
California,06,Solano,095,2019,9,2,2,0
California,06,Stanislaus,099,2019,9,2,1,0
California,06,Tulare,107,2019,9,3,3,1
California,06,Fresno,019,2019,10,1,1,0
California,06,Los Angeles,037,2019,10,40,34,10
California,06,Orange,059,2019,10,75,73,8
California,06,Placer,061,2019,10,15,15,0
California,06,Riverside,065,2019,10,2,2,2
California,06,Sacramento,067,2019,10,15,8,1
California,06,San Bernardino,071,2019,10,4,1,0
California,06,San Joaquin,077,2019,10,4,4,0
California,06,Stanislaus,099,2019,10,3,2,0
California,06,Tulare,107,2019,10,2,2,1
California,06,Los Angeles,037,2019,11,19,19,3
California,06,Orange,059,2019,11,30,29,4
California,06,Placer,061,2019,11,9,7,0
California,06,Riverside,065,2019,11,2,2,0
California,06,Los Angeles,037,2019,12,6,6,1
California,06,Orange,059,2019,12,17,11,0
California,06,Placer,061,2019,12,3,3,0
California,06,San Bernardino,071,2019,12,1,1,0
California,06,Los Angeles,037,2020,1,2,1,0
California,06,Orange,059,2020,1,15,15,0
California,06,Placer,061,2020,1,4,4,0
California,06,Riverside,065,2020,1,1,0,0
California,06,San Bernardino,071,2020,1,1,1,0
California,06,Los Angeles,037,2020,2,5,3,0
California,06,Orange,059,2020,2,20,18,0
California,06,Placer,061,2020,2,10,7,0
California,06,San Joaquin,077,2020,2,1,0,0
California,06,Tulare,107,2020,2,1,0,0
California,06,Los Angeles,037,2020,3,3,3,0
California,06,Orange,059,2020,3,7,7,0
California,06,Placer,061,2020,3,5,3,0
California,06,Riverside,065,2020,3,3,0,0
California,06,Tulare,107,2020,3,1,1,0
California,06,Fresno,019,2020,4,1,0,0
California,06,Los Angeles,037,2020,4,7,3,0
California,06,Orange,059,2020,4,10,10,0
California,06,Placer,061,2020,4,4,3,0
California,06,Riverside,065,2020,4,7,1,0
California,06,Sacramento,067,2020,4,10,10,0
California,06,San Bernardino,071,2020,4,2,1,0
California,06,San Joaquin,077,2020,4,4,2,0
California,06,Solano,095,2020,4,2,2,0
California,06,Stanislaus,099,2020,4,1,0,0
California,06,Tulare,107,2020,4,1,1,0
California,06,Fresno,019,2020,5,5,2,0
California,06,Los Angeles,037,2020,5,26,18,0
California,06,Merced,047,2020,5,3,2,0
California,06,Orange,059,2020,5,7,7,0
California,06,Placer,061,2020,5,9,6,0
California,06,Riverside,065,2020,5,5,4,0
California,06,Sacramento,067,2020,5,66,61,1
California,06,San Bernardino,071,2020,5,3,2,0
California,06,San Joaquin,077,2020,5,9,9,1
California,06,Solano,095,2020,5,2,2,0
California,06,Stanislaus,099,2020,5,11,2,0
California,06,Tulare,107,2020,5,1,0,0
California,06,Fresno,019,2020,6,9,6,3
California,06,Los Angeles,037,2020,6,33,24,4
California,06,Merced,047,2020,6,1,1,1
California,06,Orange,059,2020,6,25,25,1
California,06,Placer,061,2020,6,10,9,0
California,06,Riverside,065,2020,6,7,5,0
California,06,Sacramento,067,2020,6,63,60,8
California,06,San Bernardino,071,2020,6,2,1,0
California,06,San Joaquin,077,2020,6,12,11,0
California,06,Solano,095,2020,6,3,1,0
California,06,Stanislaus,099,2020,6,14,6,4
California,06,Tulare,107,2020,6,3,2,0
California,06,Fresno,019,2020,7,5,4,1
California,06,Los Angeles,037,2020,7,35,27,12
California,06,Merced,047,2020,7,5,2,1
California,06,Orange,059,2020,7,22,20,7
California,06,Placer,061,2020,7,12,6,0
California,06,Riverside,065,2020,7,10,10,1
California,06,Sacramento,067,2020,7,76,71,28
California,06,San Bernardino,071,2020,7,4,3,0
California,06,San Joaquin,077,2020,7,9,5,0
California,06,Solano,095,2020,7,5,5,1
California,06,Stanislaus,099,2020,7,7,2,0
California,06,Tulare,107,2020,7,2,2,1
California,06,Fresno,019,2020,8,6,3,1
California,06,Los Angeles,037,2020,8,55,44,33
California,06,Orange,059,2020,8,40,40,18
California,06,Placer,061,2020,8,12,7,1
California,06,Riverside,065,2020,8,5,4,1
California,06,Sacramento,067,2020,8,72,70,34
California,06,San Bernardino,071,2020,8,1,0,0
California,06,San Joaquin,077,2020,8,7,3,1
California,06,Solano,095,2020,8,8,7,0
California,06,Stanislaus,099,2020,8,4,1,0
California,06,Tulare,107,2020,8,2,2,0
California,06,Fresno,019,2020,9,2,1,0
California,06,Kern,029,2020,9,1,1,0
California,06,Los Angeles,037,2020,9,70,53,36
California,06,Merced,047,2020,9,4,0,0
California,06,Orange,059,2020,9,27,27,13
California,06,Placer,061,2020,9,13,9,1
California,06,Riverside,065,2020,9,3,3,0
California,06,Sacramento,067,2020,9,41,35,14
California,06,San Bernardino,071,2020,9,4,3,0
California,06,San Joaquin,077,2020,9,9,6,2
California,06,Solano,095,2020,9,5,5,0
California,06,Stanislaus,099,2020,9,2,1,0
California,06,Tulare,107,2020,9,2,2,2
California,06,Fresno,019,2020,10,1,0,0
California,06,Los Angeles,037,2020,10,26,24,17
California,06,Merced,047,2020,10,1,0,0
California,06,Orange,059,2020,10,33,33,7
California,06,Placer,061,2020,10,7,3,1
California,06,Riverside,065,2020,10,1,1,0
California,06,Sacramento,067,2020,10,12,11,6
California,06,San Joaquin,077,2020,10,2,2,0
California,06,Solano,095,2020,10,7,6,2
California,06,Tulare,107,2020,10,2,2,2
California,06,Orange,059,2020,11,12,12,0
California,06,Riverside,065,2020,11,3,3,0
California,06,San Joaquin,077,2020,11,2,0,0
California,06,Tulare,107,2020,11,1,0,0
California,06,Orange,059,2020,12,16,15,1
California,06,San Joaquin,077,2020,12,1,0,0
California,06,Orange,059,2021,1,14,13,0
California,06,San Bernardino,071,2021,1,1,1,0
California,06,Orange,059,2021,2,20,20,0
California,06,Riverside,065,2021,2,1,1,0
California,06,San Joaquin,077,2021,2,3,3,0
California,06,Los Angeles,037,2021,3,2,1,0
California,06,Orange,059,2021,3,52,44,0
California,06,San Bernardino,071,2021,3,1,1,0
California,06,San Joaquin,077,2021,3,1,1,1
California,06,Fresno,019,2021,4,2,2,0
California,06,Kern,029,2021,4,3,3,0
California,06,Los Angeles,037,2021,4,11,8,0
California,06,Orange,059,2021,4,63,61,0
California,06,Placer,061,2021,4,7,5,0
California,06,Riverside,065,2021,4,6,4,0
California,06,Sacramento,067,2021,4,26,26,0
California,06,San Bernardino,071,2021,4,4,4,0
California,06,San Joaquin,077,2021,4,7,7,0
California,06,Solano,095,2021,4,3,3,0
California,06,Stanislaus,099,2021,4,1,1,0
California,06,Kern,029,2021,5,2,1,0
California,06,Los Angeles,037,2021,5,26,21,1
California,06,Orange,059,2021,5,50,50,0
California,06,Placer,061,2021,5,8,5,0
California,06,Riverside,065,2021,5,5,4,0
California,06,Sacramento,067,2021,5,77,73,3
California,06,San Bernardino,071,2021,5,5,3,0
California,06,San Joaquin,077,2021,5,17,15,0
California,06,Solano,095,2021,5,7,4,0
California,06,Stanislaus,099,2021,5,4,3,0
California,06,Tulare,107,2021,5,4,4,0
California,06,Fresno,019,2021,6,3,3,0
California,06,Kern,029,2021,6,1,0,0
California,06,Los Angeles,037,2021,6,31,23,4
California,06,Merced,047,2021,6,3,1,0
California,06,Orange,059,2021,6,44,42,0
California,06,Placer,061,2021,6,13,7,0
California,06,Riverside,065,2021,6,5,2,0
California,06,Sacramento,067,2021,6,117,108,21
California,06,San Bernardino,071,2021,6,3,2,0
California,06,San Joaquin,077,2021,6,8,4,2
California,06,Solano,095,2021,6,5,3,0
California,06,Stanislaus,099,2021,6,4,4,1
California,06,Tulare,107,2021,6,6,5,4
California,06,Fresno,019,2021,7,2,2,0
California,06,Los Angeles,037,2021,7,47,27,13
California,06,Merced,047,2021,7,2,1,1
California,06,Orange,059,2021,7,37,36,0
California,06,Placer,061,2021,7,10,8,2
California,06,Riverside,065,2021,7,7,7,0
California,06,Sacramento,067,2021,7,90,81,40
California,06,San Bernardino,071,2021,7,8,8,1
California,06,San Joaquin,077,2021,7,12,11,9
California,06,Solano,095,2021,7,2,2,0
California,06,Stanislaus,099,2021,7,7,2,0
California,06,Tulare,107,2021,7,5,4,3
California,06,Fresno,019,2021,8,1,1,0
California,06,Los Angeles,037,2021,8,38,28,14
California,06,Merced,047,2021,8,1,0,0
California,06,Orange,059,2021,8,29,29,2
California,06,Placer,061,2021,8,11,10,1
California,06,Riverside,065,2021,8,2,2,0
California,06,Sacramento,067,2021,8,64,57,23
California,06,San Bernardino,071,2021,8,8,5,0
California,06,San Joaquin,077,2021,8,8,8,4
California,06,Solano,095,2021,8,4,4,2
California,06,Stanislaus,099,2021,8,2,2,1
California,06,Tulare,107,2021,8,1,1,0
California,06,Fresno,019,2021,9,1,0,0
California,06,Los Angeles,037,2021,9,28,20,9
California,06,Orange,059,2021,9,26,26,5
California,06,Placer,061,2021,9,11,9,2
California,06,Riverside,065,2021,9,1,1,0
California,06,Sacramento,067,2021,9,49,41,13
California,06,San Bernardino,071,2021,9,1,1,0
California,06,San Joaquin,077,2021,9,4,2,1
California,06,Solano,095,2021,9,6,6,0
California,06,Stanislaus,099,2021,9,2,2,0
California,06,Los Angeles,037,2021,10,8,5,2
California,06,Orange,059,2021,10,42,42,0
California,06,Placer,061,2021,10,10,8,0
California,06,Riverside,065,2021,10,4,4,0
California,06,Sacramento,067,2021,10,18,17,0
California,06,San Bernardino,071,2021,10,3,2,0
California,06,San Joaquin,077,2021,10,3,3,0
California,06,Solano,095,2021,10,2,2,0
California,06,Los Angeles,037,2021,11,1,0,0
California,06,Orange,059,2021,11,45,44,0
California,06,Riverside,065,2021,11,1,1,0
California,06,Orange,059,2021,12,28,28,0
California,06,Los Angeles,037,2022,1,1,1,0
California,06,Orange,059,2022,1,21,21,0
California,06,Placer,061,2022,1,1,1,0
California,06,San Bernardino,071,2022,1,1,1,0
California,06,Tulare,107,2022,1,1,1,0
California,06,Orange,059,2022,2,33,33,0
California,06,San Bernardino,071,2022,2,1,1,0
California,06,San Joaquin,077,2022,2,1,1,0
California,06,Tulare,107,2022,2,1,1,0
California,06,Los Angeles,037,2022,3,1,0,0
California,06,Orange,059,2022,3,25,25,0
California,06,Los Angeles,037,2022,4,8,7,0
California,06,Merced,047,2022,4,4,0,0
California,06,Orange,059,2022,4,22,21,0
California,06,Placer,061,2022,4,4,4,0
California,06,Sacramento,067,2022,4,20,16,0
California,06,San Bernardino,071,2022,4,3,3,0
California,06,San Joaquin,077,2022,4,6,5,0
California,06,Solano,095,2022,4,1,0,0
California,06,Stanislaus,099,2022,4,1,0,0
California,06,Tulare,107,2022,4,1,1,0
California,06,Fresno,019,2022,5,1,0,0
California,06,Los Angeles,037,2022,5,27,19,3
California,06,Merced,047,2022,5,1,1,0
California,06,Orange,059,2022,5,27,27,0
California,06,Placer,061,2022,5,9,8,0
California,06,Riverside,065,2022,5,3,1,0
California,06,Sacramento,067,2022,5,71,63,0
California,06,San Bernardino,071,2022,5,5,4,0
California,06,San Joaquin,077,2022,5,8,6,0
California,06,Solano,095,2022,5,8,6,0
California,06,Stanislaus,099,2022,5,10,2,0
California,06,Tulare,107,2022,5,2,2,0
California,06,Fresno,019,2022,6,5,4,1
California,06,Kern,029,2022,6,2,0,0
California,06,Los Angeles,037,2022,6,27,15,3
California,06,Merced,047,2022,6,3,3,1
California,06,Orange,059,2022,6,42,42,0
California,06,Placer,061,2022,6,8,7,0
California,06,Riverside,065,2022,6,2,2,0
California,06,Sacramento,067,2022,6,75,72,6
California,06,San Bernardino,071,2022,6,3,2,0
California,06,San Joaquin,077,2022,6,12,9,0
California,06,Solano,095,2022,6,6,6,1
California,06,Stanislaus,099,2022,6,2,0,0
California,06,Tulare,107,2022,6,1,1,0
California,06,Fresno,019,2022,7,1,1,1
California,06,Kern,029,2022,7,1,0,0
California,06,Los Angeles,037,2022,7,30,22,10
California,06,Merced,047,2022,7,1,0,0
California,06,Orange,059,2022,7,33,33,0
California,06,Placer,061,2022,7,9,8,1
California,06,Riverside,065,2022,7,5,5,0
California,06,Sacramento,067,2022,7,48,45,13
California,06,San Bernardino,071,2022,7,3,3,0
California,06,San Joaquin,077,2022,7,9,5,0
California,06,Solano,095,2022,7,10,9,3
California,06,Stanislaus,099,2022,7,1,0,0
California,06,Tulare,107,2022,7,3,1,1
California,06,Fresno,019,2022,8,1,1,0
California,06,Los Angeles,037,2022,8,30,20,11
California,06,Merced,047,2022,8,2,2,1
California,06,Orange,059,2022,8,25,24,1
California,06,Placer,061,2022,8,11,6,2
California,06,Riverside,065,2022,8,5,4,2
California,06,Sacramento,067,2022,8,36,34,9
California,06,San Bernardino,071,2022,8,7,7,5
California,06,San Joaquin,077,2022,8,1,0,0
California,06,Solano,095,2022,8,10,9,4
California,06,Stanislaus,099,2022,8,4,2,0
California,06,Tulare,107,2022,8,1,1,1
California,06,Los Angeles,037,2022,9,27,18,14
California,06,Merced,047,2022,9,1,1,0
California,06,Orange,059,2022,9,30,29,0
California,06,Placer,061,2022,9,6,5,2
California,06,Riverside,065,2022,9,7,6,3
California,06,Sacramento,067,2022,9,26,25,9
California,06,San Bernardino,071,2022,9,5,3,2
California,06,San Joaquin,077,2022,9,1,1,1
California,06,Solano,095,2022,9,2,1,1
California,06,Stanislaus,099,2022,9,2,1,0
California,06,Fresno,019,2022,10,3,2,0
California,06,Los Angeles,037,2022,10,13,12,7
California,06,Orange,059,2022,10,26,24,0
California,06,Placer,061,2022,10,9,8,0
California,06,Riverside,065,2022,10,3,3,0
California,06,Sacramento,067,2022,10,16,15,3
California,06,San Joaquin,077,2022,10,3,1,0
California,06,Solano,095,2022,10,3,2,0
California,06,Los Angeles,037,2022,11,1,1,1
California,06,Orange,059,2022,11,3,2,0
California,06,San Joaquin,077,2022,11,1,1,0
California,06,Tulare,107,2022,11,1,1,0
California,06,Kern,029,2022,12,1,1,0
California,06,Orange,059,2022,12,14,3,0
California,06,Los Angeles,037,2023,1,1,0,0
California,06,Orange,059,2023,1,10,9,0
California,06,San Bernardino,071,2023,1,1,1,0
California,06,Los Angeles,037,2023,2,5,3,0
California,06,Orange,059,2023,2,10,3,0
California,06,San Bernardino,071,2023,2,1,1,0
California,06,San Joaquin,077,2023,2,2,2,0
California,06,Riverside,065,2023,3,1,1,0
California,06,Tulare,107,2023,3,1,1,0
California,06,Kern,029,2023,4,1,1,0
California,06,Los Angeles,037,2023,4,9,6,0
California,06,Orange,059,2023,4,7,7,0
California,06,Placer,061,2023,4,4,4,0
California,06,Riverside,065,2023,4,2,2,0
California,06,Sacramento,067,2023,4,30,26,0
California,06,San Bernardino,071,2023,4,4,3,0
California,06,San Joaquin,077,2023,4,3,2,0
California,06,Solano,095,2023,4,4,4,0
California,06,Stanislaus,099,2023,4,4,2,0
California,06,Fresno,019,2023,5,4,4,0
California,06,Kern,029,2023,5,1,1,0
California,06,Los Angeles,037,2023,5,27,22,2
California,06,Merced,047,2023,5,5,1,0
California,06,Orange,059,2023,5,6,6,0
California,06,Placer,061,2023,5,11,10,0
California,06,Riverside,065,2023,5,6,6,1
California,06,Sacramento,067,2023,5,59,43,2
California,06,San Bernardino,071,2023,5,5,4,0
California,06,San Joaquin,077,2023,5,8,6,0
California,06,Solano,095,2023,5,6,6,0
California,06,Stanislaus,099,2023,5,6,1,0
California,06,Fresno,019,2023,6,4,3,0
California,06,Los Angeles,037,2023,6,39,27,7
California,06,Merced,047,2023,6,2,1,0
California,06,Orange,059,2023,6,4,4,0
California,06,Placer,061,2023,6,34,25,3
California,06,Riverside,065,2023,6,5,3,3
California,06,Sacramento,067,2023,6,103,95,20
California,06,San Bernardino,071,2023,6,3,1,0
California,06,San Joaquin,077,2023,6,17,10,4
California,06,Solano,095,2023,6,8,5,1
California,06,Stanislaus,099,2023,6,8,3,0
California,06,Tulare,107,2023,6,4,3,2
California,06,Fresno,019,2023,7,2,0,0
California,06,Los Angeles,037,2023,7,24,17,1
California,06,Orange,059,2023,7,7,7,0
California,06,Placer,061,2023,7,38,32,12
California,06,Riverside,065,2023,7,34,32,12
California,06,Sacramento,067,2023,7,115,107,60
California,06,San Bernardino,071,2023,7,6,6,3
California,06,San Joaquin,077,2023,7,13,9,6
California,06,Solano,095,2023,7,6,5,0
California,06,Stanislaus,099,2023,7,8,6,2
California,06,Tulare,107,2023,7,7,4,3
California,06,Fresno,019,2023,8,1,1,1
California,06,Los Angeles,037,2023,8,35,24,14
California,06,Orange,059,2023,8,1,1,0
California,06,Placer,061,2023,8,50,46,24
California,06,Riverside,065,2023,8,48,47,41
California,06,Sacramento,067,2023,8,121,118,79
California,06,San Bernardino,071,2023,8,7,4,4
California,06,San Joaquin,077,2023,8,11,11,9
California,06,Solano,095,2023,8,14,14,10
California,06,Stanislaus,099,2023,8,9,6,4
California,06,Tulare,107,2023,8,3,3,0
California,06,Fresno,019,2023,9,1,1,0
California,06,Los Angeles,037,2023,9,30,20,15
California,06,Orange,059,2023,9,3,3,1
California,06,Placer,061,2023,9,19,19,4
California,06,Riverside,065,2023,9,21,16,10
California,06,Sacramento,067,2023,9,51,50,29
California,06,San Bernardino,071,2023,9,7,5,4
California,06,San Joaquin,077,2023,9,2,1,1
California,06,Solano,095,2023,9,10,8,7
California,06,Stanislaus,099,2023,9,5,3,0
California,06,Tulare,107,2023,9,1,1,0
California,06,Fresno,019,2023,10,1,1,0
California,06,Los Angeles,037,2023,10,12,9,5
California,06,Orange,059,2023,10,3,3,1
California,06,Placer,061,2023,10,13,11,0
California,06,Riverside,065,2023,10,7,6,2
California,06,Sacramento,067,2023,10,16,16,5
California,06,San Joaquin,077,2023,10,2,2,0
California,06,Stanislaus,099,2023,10,1,0,0
California,06,Tulare,107,2023,10,2,0,0
California,06,Placer,061,2023,11,1,0,0
California,06,Sacramento,067,2023,11,1,1,1
California,06,Solano,095,2023,11,1,0,0
California,06,Tulare,107,2023,11,1,1,0
California,06,Orange,059,2024,1,2,2,0
California,06,Orange,059,2024,2,1,0,0
California,06,San Bernardino,071,2024,2,3,3,0
California,06,Tulare,107,2024,2,1,1,0
California,06,Orange,059,2024,3,3,3,0
California,06,Kern,029,2024,4,1,1,0
California,06,Los Angeles,037,2024,4,11,9,0
California,06,Orange,059,2024,4,4,4,0
California,06,Placer,061,2024,4,5,5,0
California,06,Riverside,065,2024,4,3,3,0
California,06,Sacramento,067,2024,4,16,15,0
California,06,San Bernardino,071,2024,4,3,3,0
California,06,San Joaquin,077,2024,4,3,3,0
California,06,Solano,095,2024,4,6,6,0
California,06,Stanislaus,099,2024,4,2,1,0
California,06,Tulare,107,2024,4,3,2,0
California,06,Fresno,019,2024,5,1,0,0
California,06,Los Angeles,037,2024,5,43,34,0
California,06,Merced,047,2024,5,5,2,0
California,06,Orange,059,2024,5,6,6,0
California,06,Placer,061,2024,5,16,15,0
California,06,Riverside,065,2024,5,10,10,0
California,06,Sacramento,067,2024,5,62,55,1
California,06,San Bernardino,071,2024,5,5,5,0
California,06,San Joaquin,077,2024,5,5,4,0
California,06,Solano,095,2024,5,6,5,0
California,06,Stanislaus,099,2024,5,8,6,0
California,06,Tulare,107,2024,5,3,3,0
California,06,Fresno,019,2024,6,2,0,0
California,06,Los Angeles,037,2024,6,31,22,0
California,06,Merced,047,2024,6,2,2,0
California,06,Orange,059,2024,6,26,25,0
California,06,Placer,061,2024,6,27,26,0
California,06,Riverside,065,2024,6,9,9,1
California,06,Sacramento,067,2024,6,112,104,19
California,06,San Bernardino,071,2024,6,7,7,1
California,06,San Joaquin,077,2024,6,15,13,2
California,06,Solano,095,2024,6,11,10,0
California,06,Stanislaus,099,2024,6,9,6,0
California,06,Tulare,107,2024,6,3,3,0
California,06,Fresno,019,2024,7,3,2,0
California,06,Los Angeles,037,2024,7,32,20,5
California,06,Merced,047,2024,7,1,1,0
California,06,Orange,059,2024,7,14,14,1
California,06,Placer,061,2024,7,16,15,0
California,06,Riverside,065,2024,7,14,13,1
California,06,Sacramento,067,2024,7,72,67,24
California,06,San Bernardino,071,2024,7,8,6,4
California,06,San Joaquin,077,2024,7,5,5,2
California,06,Solano,095,2024,7,7,7,0
California,06,Stanislaus,099,2024,7,3,1,0
California,06,Tulare,107,2024,7,2,2,0
California,06,Los Angeles,037,2024,8,14,8,0
California,06,Orange,059,2024,8,4,4,0
California,06,Placer,061,2024,8,7,7,1
California,06,Riverside,065,2024,8,2,0,0
California,06,Sacramento,067,2024,8,28,19,5
California,06,San Bernardino,071,2024,8,3,2,1
California,06,San Joaquin,077,2024,8,3,2,1
California,06,Solano,095,2024,8,1,1,0
California,06,Stanislaus,099,2024,8,1,0,0
