state,statefp,county,countyfp,year,month,num_tested_chickens,num_tested_flocks,num_positive_chickens
California,06,Fresno,019,2004,4,105,10,0
California,06,Kern,029,2004,4,155,13,0
California,06,Los Angeles,037,2004,4,237,16,0
California,06,Merced,047,2004,4,36,6,0
California,06,Orange,059,2004,4,10,1,0
California,06,Placer,061,2004,4,57,6,0
California,06,Riverside,065,2004,4,352,21,0
California,06,San Bernardino,071,2004,4,222,17,0
California,06,San Joaquin,077,2004,4,72,6,0
California,06,Stanislaus,099,2004,4,100,9,0
California,06,Tulare,107,2004,4,92,8,0
California,06,Fresno,019,2004,5,105,10,0
California,06,Kern,029,2004,5,174,15,0
California,06,Los Angeles,037,2004,5,237,16,0
California,06,Merced,047,2004,5,36,6,0
California,06,Orange,059,2004,5,10,1,0
California,06,Placer,061,2004,5,57,6,0
California,06,Riverside,065,2004,5,352,21,6
California,06,San Bernardino,071,2004,5,222,17,0
California,06,San Joaquin,077,2004,5,72,6,0
California,06,Solano,095,2004,5,24,2,0
California,06,Stanislaus,099,2004,5,100,9,0
California,06,Tulare,107,2004,5,92,8,0
California,06,Fresno,019,2004,6,105,10,0
California,06,Kern,029,2004,6,174,15,0
California,06,Los Angeles,037,2004,6,266,21,15
California,06,Merced,047,2004,6,36,6,0
California,06,Orange,059,2004,6,10,1,0
California,06,Placer,061,2004,6,57,6,0
California,06,Riverside,065,2004,6,352,21,49
California,06,San Bernardino,071,2004,6,222,17,29
California,06,San Joaquin,077,2004,6,72,6,0
California,06,Solano,095,2004,6,24,2,0
California,06,Stanislaus,099,2004,6,100,9,0
California,06,Tulare,107,2004,6,92,8,0
California,06,Fresno,019,2004,7,105,10,0
California,06,Kern,029,2004,7,174,15,1
California,06,Los Angeles,037,2004,7,270,21,10
California,06,Merced,047,2004,7,36,6,0
California,06,Orange,059,2004,7,10,1,0
California,06,Placer,061,2004,7,57,6,0
California,06,Riverside,065,2004,7,352,21,99
California,06,San Bernardino,071,2004,7,222,17,91
California,06,San Joaquin,077,2004,7,72,6,0
California,06,Solano,095,2004,7,24,2,0
California,06,Stanislaus,099,2004,7,100,9,0
California,06,Tulare,107,2004,7,92,8,0
California,06,Fresno,019,2004,8,105,10,11
California,06,Kern,029,2004,8,174,15,41
California,06,Los Angeles,037,2004,8,238,20,49
California,06,Merced,047,2004,8,36,6,0
California,06,Orange,059,2004,8,10,1,3
California,06,Placer,061,2004,8,57,6,4
California,06,Riverside,065,2004,8,352,21,126
California,06,San Bernardino,071,2004,8,207,15,100
California,06,San Joaquin,077,2004,8,72,6,7
California,06,Solano,095,2004,8,24,2,0
California,06,Stanislaus,099,2004,8,100,9,0
California,06,Tulare,107,2004,8,92,8,1
California,06,Fresno,019,2004,9,105,10,21
California,06,Kern,029,2004,9,174,15,91
California,06,Los Angeles,037,2004,9,321,30,107
California,06,Merced,047,2004,9,36,6,0
California,06,Orange,059,2004,9,10,1,3
California,06,Placer,061,2004,9,57,6,21
California,06,Riverside,065,2004,9,352,21,145
California,06,Sacramento,067,2004,9,10,3,9
California,06,San Bernardino,071,2004,9,222,17,112
California,06,San Joaquin,077,2004,9,72,6,11
California,06,Solano,095,2004,9,24,2,0
California,06,Stanislaus,099,2004,9,100,9,9
California,06,Tulare,107,2004,9,92,8,11
California,06,Fresno,019,2004,10,94,9,13
California,06,Kern,029,2004,10,164,14,91
California,06,Los Angeles,037,2004,10,279,26,100
California,06,Merced,047,2004,10,36,6,0
California,06,Orange,059,2004,10,10,1,3
California,06,Placer,061,2004,10,57,6,25
California,06,Riverside,065,2004,10,352,21,147
California,06,Sacramento,067,2004,10,10,4,9
California,06,San Bernardino,071,2004,10,216,16,112
California,06,San Joaquin,077,2004,10,72,6,11
California,06,Solano,095,2004,10,24,2,0
California,06,Stanislaus,099,2004,10,100,9,12
California,06,Tulare,107,2004,10,92,8,11
California,06,Fresno,019,2004,11,84,8,7
California,06,Kern,029,2004,11,20,2,0
California,06,Los Angeles,037,2004,11,278,25,111
California,06,Merced,047,2004,11,30,5,0
California,06,Orange,059,2004,11,10,1,3
California,06,Placer,061,2004,11,57,6,25
California,06,Riverside,065,2004,11,352,21,149
California,06,San Bernardino,071,2004,11,216,16,116
California,06,San Joaquin,077,2004,11,48,4,0
California,06,Solano,095,2004,11,24,2,0
California,06,Stanislaus,099,2004,11,84,7,9
California,06,Tulare,107,2004,11,10,1,0
California,06,Fresno,019,2004,12,63,6,6
California,06,Los Angeles,037,2004,12,163,11,62
California,06,Merced,047,2004,12,30,5,0
California,06,Riverside,065,2004,12,65,5,46
California,06,San Bernardino,071,2004,12,216,16,116
California,06,Stanislaus,099,2004,12,84,7,9
California,06,Los Angeles,037,2005,1,146,7,0
California,06,Merced,047,2005,1,30,5,0
California,06,Riverside,065,2005,1,46,3,0
California,06,San Bernardino,071,2005,1,216,16,0
California,06,Stanislaus,099,2005,1,84,7,0
California,06,Merced,047,2005,2,30,5,0
California,06,Riverside,065,2005,2,46,3,0
California,06,San Bernardino,071,2005,2,188,14,1
California,06,Stanislaus,099,2005,2,84,7,0
California,06,Kern,029,2005,3,6,1,0
California,06,Los Angeles,037,2005,3,178,17,0
California,06,Orange,059,2005,3,10,1,0
California,06,Riverside,065,2005,3,417,20,0
California,06,San Bernardino,071,2005,3,208,19,0
California,06,Fresno,019,2005,4,107,10,0
California,06,Kern,029,2005,4,176,15,0
California,06,Los Angeles,037,2005,4,178,17,0
California,06,Merced,047,2005,4,60,8,0
California,06,Orange,059,2005,4,10,1,0
California,06,Riverside,065,2005,4,417,20,0
California,06,San Bernardino,071,2005,4,208,19,0
California,06,Solano,095,2005,4,36,3,0
California,06,Stanislaus,099,2005,4,136,9,0
California,06,Tulare,107,2005,4,80,8,0
California,06,Fresno,019,2005,5,107,10,0
California,06,Kern,029,2005,5,176,15,0
California,06,Los Angeles,037,2005,5,178,17,2
California,06,Merced,047,2005,5,60,8,0
California,06,Orange,059,2005,5,10,1,0
California,06,Riverside,065,2005,5,417,20,0
California,06,San Bernardino,071,2005,5,208,19,0
California,06,San Joaquin,077,2005,5,60,6,0
California,06,Solano,095,2005,5,36,3,0
California,06,Stanislaus,099,2005,5,136,9,0
California,06,Tulare,107,2005,5,80,8,0
California,06,Fresno,019,2005,6,107,10,0
California,06,Kern,029,2005,6,176,15,4
California,06,Los Angeles,037,2005,6,178,17,4
California,06,Merced,047,2005,6,60,8,0
California,06,Orange,059,2005,6,10,1,0
California,06,Riverside,065,2005,6,417,20,4
California,06,San Bernardino,071,2005,6,208,19,0
California,06,Solano,095,2005,6,36,3,0
California,06,Stanislaus,099,2005,6,136,9,0
California,06,Tulare,107,2005,6,80,8,2
California,06,Fresno,019,2005,7,107,10,5
California,06,Kern,029,2005,7,176,15,50
California,06,Los Angeles,037,2005,7,180,19,14
California,06,Merced,047,2005,7,60,8,19
California,06,Orange,059,2005,7,10,1,0
California,06,Placer,061,2005,7,2,1,2
California,06,Riverside,065,2005,7,417,20,39
California,06,Sacramento,067,2005,7,5,1,2
California,06,San Bernardino,071,2005,7,208,19,13
California,06,San Joaquin,077,2005,7,10,1,1
California,06,Solano,095,2005,7,36,3,6
California,06,Stanislaus,099,2005,7,136,9,3
California,06,Tulare,107,2005,7,80,8,19
California,06,Fresno,019,2005,8,107,10,62
California,06,Kern,029,2005,8,170,14,102
California,06,Los Angeles,037,2005,8,177,20,55
California,06,Merced,047,2005,8,60,9,37
California,06,Orange,059,2005,8,10,1,2
California,06,Riverside,065,2005,8,417,20,104
California,06,Sacramento,067,2005,8,9,4,9
California,06,San Bernardino,071,2005,8,208,19,70
California,06,San Joaquin,077,2005,8,10,1,9
California,06,Solano,095,2005,8,36,3,23
California,06,Stanislaus,099,2005,8,136,9,43
California,06,Tulare,107,2005,8,80,8,52
California,06,Fresno,019,2005,9,107,10,81
California,06,Kern,029,2005,9,170,14,121
California,06,Los Angeles,037,2005,9,229,35,64
California,06,Merced,047,2005,9,36,5,21
California,06,Orange,059,2005,9,10,1,2
California,06,Riverside,065,2005,9,417,20,144
California,06,San Bernardino,071,2005,9,208,19,86
California,06,San Joaquin,077,2005,9,40,4,7
California,06,Solano,095,2005,9,36,3,23
California,06,Stanislaus,099,2005,9,136,9,73
California,06,Tulare,107,2005,9,40,4,18
California,06,Fresno,019,2005,10,107,10,85
California,06,Kern,029,2005,10,170,14,127
California,06,Los Angeles,037,2005,10,199,24,76
California,06,Merced,047,2005,10,24,4,11
California,06,Orange,059,2005,10,10,1,2
California,06,Riverside,065,2005,10,417,20,153
California,06,San Bernardino,071,2005,10,208,19,91
California,06,San Joaquin,077,2005,10,30,3,4
California,06,Solano,095,2005,10,36,3,23
California,06,Stanislaus,099,2005,10,136,9,81
California,06,Tulare,107,2005,10,30,3,15
California,06,Fresno,019,2005,11,21,2,15
California,06,Los Angeles,037,2005,11,130,10,40
California,06,Merced,047,2005,11,18,3,9
California,06,Orange,059,2005,11,10,1,2
California,06,Riverside,065,2005,11,402,19,156
California,06,San Bernardino,071,2005,11,208,19,91
California,06,Solano,095,2005,11,36,3,23
California,06,Stanislaus,099,2005,11,136,9,83
California,06,Los Angeles,037,2005,12,120,10,38
California,06,Merced,047,2005,12,6,1,2
California,06,Riverside,065,2005,12,402,19,156
California,06,San Bernardino,071,2005,12,208,19,91
California,06,Stanislaus,099,2005,12,120,7,70
California,06,Merced,047,2006,1,6,1,0
California,06,Riverside,065,2006,1,190,10,0
California,06,San Bernardino,071,2006,1,208,19,0
California,06,Stanislaus,099,2006,1,120,7,0
California,06,San Bernardino,071,2006,2,36,7,0
California,06,Kern,029,2006,3,36,3,0
California,06,Los Angeles,037,2006,3,119,12,0
California,06,Placer,061,2006,3,6,1,0
California,06,Riverside,065,2006,3,79,6,0
California,06,San Bernardino,071,2006,3,63,14,0
California,06,San Joaquin,077,2006,3,52,5,0
California,06,Stanislaus,099,2006,3,110,7,0
California,06,Fresno,019,2006,4,96,9,0
California,06,Kern,029,2006,4,180,15,0
California,06,Los Angeles,037,2006,4,149,15,0
California,06,Merced,047,2006,4,60,8,0
California,06,Orange,059,2006,4,10,1,0
California,06,Placer,061,2006,4,42,7,0
California,06,Riverside,065,2006,4,260,17,0
California,06,Sacramento,067,2006,4,80,5,0
California,06,San Bernardino,071,2006,4,150,18,0
California,06,San Joaquin,077,2006,4,52,5,0
California,06,Solano,095,2006,4,48,3,0
California,06,Stanislaus,099,2006,4,122,8,0
California,06,Tulare,107,2006,4,50,5,0
California,06,Fresno,019,2006,5,96,9,0
California,06,Kern,029,2006,5,180,15,0
California,06,Los Angeles,037,2006,5,149,15,0
California,06,Merced,047,2006,5,60,8,0
California,06,Orange,059,2006,5,10,1,0
California,06,Placer,061,2006,5,42,7,0
California,06,Riverside,065,2006,5,260,17,0
California,06,Sacramento,067,2006,5,80,5,0
California,06,San Bernardino,071,2006,5,150,18,0
California,06,San Joaquin,077,2006,5,52,5,0
California,06,Solano,095,2006,5,48,3,0
California,06,Stanislaus,099,2006,5,130,9,0
California,06,Tulare,107,2006,5,50,5,0
California,06,Fresno,019,2006,6,96,9,1
California,06,Kern,029,2006,6,180,15,0
California,06,Los Angeles,037,2006,6,153,16,0
California,06,Merced,047,2006,6,60,8,0
California,06,Orange,059,2006,6,10,1,0
California,06,Placer,061,2006,6,42,7,0
California,06,Riverside,065,2006,6,260,17,0
California,06,Sacramento,067,2006,6,80,5,0
California,06,San Bernardino,071,2006,6,150,18,0
California,06,San Joaquin,077,2006,6,52,5,0
California,06,Solano,095,2006,6,48,3,0
California,06,Stanislaus,099,2006,6,130,9,0
California,06,Tulare,107,2006,6,50,5,0
California,06,Fresno,019,2006,7,106,10,6
California,06,Kern,029,2006,7,180,15,62
California,06,Los Angeles,037,2006,7,149,15,1
California,06,Merced,047,2006,7,60,8,2
California,06,Orange,059,2006,7,10,1,0
California,06,Placer,061,2006,7,42,7,0
California,06,Riverside,065,2006,7,260,17,1
California,06,Sacramento,067,2006,7,80,5,0
California,06,San Bernardino,071,2006,7,150,18,6
California,06,San Joaquin,077,2006,7,52,5,0
California,06,Solano,095,2006,7,48,3,4
California,06,Stanislaus,099,2006,7,130,9,15
California,06,Tulare,107,2006,7,50,5,4
California,06,Fresno,019,2006,8,106,10,19
California,06,Kern,029,2006,8,180,15,88
California,06,Los Angeles,037,2006,8,183,28,9
California,06,Merced,047,2006,8,60,8,10
California,06,Orange,059,2006,8,10,1,0
California,06,Placer,061,2006,8,42,7,5
California,06,Riverside,065,2006,8,260,17,2
California,06,Sacramento,067,2006,8,80,5,7
California,06,San Bernardino,071,2006,8,150,18,14
California,06,San Joaquin,077,2006,8,52,5,7
California,06,Solano,095,2006,8,48,3,16
California,06,Stanislaus,099,2006,8,130,9,31
California,06,Tulare,107,2006,8,40,4,14
California,06,Fresno,019,2006,9,106,10,30
California,06,Kern,029,2006,9,180,15,105
California,06,Los Angeles,037,2006,9,178,24,16
California,06,Merced,047,2006,9,60,8,14
California,06,Orange,059,2006,9,10,1,0
California,06,Placer,061,2006,9,36,6,3
California,06,Riverside,065,2006,9,260,17,8
California,06,Sacramento,067,2006,9,80,5,7
California,06,San Bernardino,071,2006,9,150,18,23
California,06,San Joaquin,077,2006,9,52,5,7
California,06,Solano,095,2006,9,48,3,20
California,06,Stanislaus,099,2006,9,130,9,42
California,06,Tulare,107,2006,9,40,4,15
California,06,Fresno,019,2006,10,106,10,37
California,06,Kern,029,2006,10,180,15,106
California,06,Los Angeles,037,2006,10,184,27,32
California,06,Merced,047,2006,10,60,8,15
California,06,Orange,059,2006,10,10,1,0
California,06,Placer,061,2006,10,18,3,0
California,06,Riverside,065,2006,10,260,17,18
California,06,Sacramento,067,2006,10,80,5,7
California,06,San Bernardino,071,2006,10,150,18,27
California,06,San Joaquin,077,2006,10,52,5,7
California,06,Solano,095,2006,10,36,2,10
California,06,Stanislaus,099,2006,10,130,9,47
California,06,Tulare,107,2006,10,40,4,17
California,06,Kern,029,2006,11,56,6,17
California,06,Los Angeles,037,2006,11,172,23,22
California,06,Merced,047,2006,11,48,6,5
California,06,Orange,059,2006,11,10,1,0
California,06,Riverside,065,2006,11,152,7,9
California,06,Sacramento,067,2006,11,80,5,7
California,06,San Bernardino,071,2006,11,140,17,28
California,06,San Joaquin,077,2006,11,20,2,0
California,06,Solano,095,2006,11,36,2,10
California,06,Los Angeles,037,2006,12,89,7,19
California,06,Riverside,065,2006,12,131,6,7
California,06,San Bernardino,071,2006,12,140,17,28
California,06,Los Angeles,037,2007,1,121,10,0
California,06,Riverside,065,2007,1,143,7,1
California,06,Sacramento,067,2007,1,50,3,0
California,06,San Bernardino,071,2007,1,140,17,0
California,06,Los Angeles,037,2007,2,97,9,1
California,06,Riverside,065,2007,2,131,6,0
California,06,Sacramento,067,2007,2,50,3,0
California,06,San Bernardino,071,2007,2,140,17,0
California,06,Kern,029,2007,3,6,1,0
California,06,Los Angeles,037,2007,3,42,7,0
California,06,Riverside,065,2007,3,131,6,0
California,06,Sacramento,067,2007,3,50,3,0
California,06,San Bernardino,071,2007,3,24,6,0
California,06,Fresno,019,2007,4,95,9,0
California,06,Kern,029,2007,4,165,15,0
California,06,Los Angeles,037,2007,4,151,17,0
California,06,Merced,047,2007,4,48,8,0
California,06,Orange,059,2007,4,10,1,0
California,06,Placer,061,2007,4,36,6,0
California,06,Riverside,065,2007,4,266,19,1
California,06,Sacramento,067,2007,4,48,8,0
California,06,San Bernardino,071,2007,4,151,19,0
California,06,San Joaquin,077,2007,4,20,2,0
California,06,Solano,095,2007,4,36,3,0
California,06,Stanislaus,099,2007,4,111,10,0
California,06,Tulare,107,2007,4,50,5,0
California,06,Fresno,019,2007,5,95,9,0
California,06,Kern,029,2007,5,165,15,0
California,06,Los Angeles,037,2007,5,155,18,0
California,06,Merced,047,2007,5,48,8,0
California,06,Orange,059,2007,5,10,1,0
California,06,Placer,061,2007,5,36,6,0
California,06,Riverside,065,2007,5,266,19,1
California,06,Sacramento,067,2007,5,48,8,0
California,06,San Bernardino,071,2007,5,151,19,0
California,06,San Joaquin,077,2007,5,20,2,0
California,06,Solano,095,2007,5,36,3,0
California,06,Stanislaus,099,2007,5,111,10,0
California,06,Tulare,107,2007,5,50,5,0
California,06,Fresno,019,2007,6,95,9,0
California,06,Kern,029,2007,6,165,15,2
California,06,Los Angeles,037,2007,6,169,21,0
California,06,Merced,047,2007,6,48,8,0
California,06,Orange,059,2007,6,10,1,1
California,06,Placer,061,2007,6,36,6,0
California,06,Riverside,065,2007,6,266,19,1
California,06,Sacramento,067,2007,6,48,8,0
California,06,San Bernardino,071,2007,6,151,19,0
California,06,San Joaquin,077,2007,6,20,2,0
California,06,Solano,095,2007,6,36,3,0
California,06,Stanislaus,099,2007,6,111,10,0
California,06,Tulare,107,2007,6,50,5,0
California,06,Fresno,019,2007,7,95,9,10
California,06,Kern,029,2007,7,165,15,30
California,06,Los Angeles,037,2007,7,151,17,0
California,06,Merced,047,2007,7,48,8,0
California,06,Orange,059,2007,7,10,1,1
California,06,Placer,061,2007,7,36,6,0
California,06,Riverside,065,2007,7,271,20,8
California,06,Sacramento,067,2007,7,48,8,3
California,06,San Bernardino,071,2007,7,151,19,3
California,06,San Joaquin,077,2007,7,20,2,4
California,06,Solano,095,2007,7,36,3,1
California,06,Stanislaus,099,2007,7,111,10,4
California,06,Tulare,107,2007,7,50,5,0
California,06,Fresno,019,2007,8,95,9,30
California,06,Kern,029,2007,8,165,15,52
California,06,Los Angeles,037,2007,8,188,28,4
California,06,Merced,047,2007,8,48,8,2
California,06,Orange,059,2007,8,10,1,1
California,06,Placer,061,2007,8,36,6,3
California,06,Riverside,065,2007,8,271,20,24
California,06,Sacramento,067,2007,8,48,8,8
California,06,San Bernardino,071,2007,8,151,19,8
California,06,San Joaquin,077,2007,8,20,2,5
California,06,Solano,095,2007,8,36,3,5
California,06,Stanislaus,099,2007,8,111,10,14
California,06,Tulare,107,2007,8,50,5,2
California,06,Fresno,019,2007,9,95,9,36
California,06,Kern,029,2007,9,165,15,69
California,06,Los Angeles,037,2007,9,142,16,14
California,06,Merced,047,2007,9,42,7,4
California,06,Orange,059,2007,9,10,1,1
California,06,Placer,061,2007,9,36,6,3
California,06,Riverside,065,2007,9,271,20,28
California,06,Sacramento,067,2007,9,48,8,8
California,06,San Bernardino,071,2007,9,151,19,26
California,06,San Joaquin,077,2007,9,20,2,8
California,06,Solano,095,2007,9,36,3,5
California,06,Stanislaus,099,2007,9,111,10,26
California,06,Tulare,107,2007,9,50,5,23
California,06,Fresno,019,2007,10,95,9,46
California,06,Kern,029,2007,10,165,15,85
California,06,Los Angeles,037,2007,10,149,18,25
California,06,Merced,047,2007,10,42,7,9
California,06,Orange,059,2007,10,10,1,1
California,06,Placer,061,2007,10,30,5,11
California,06,Riverside,065,2007,10,271,20,40
California,06,Sacramento,067,2007,10,42,7,8
California,06,San Bernardino,071,2007,10,151,19,37
California,06,San Joaquin,077,2007,10,20,2,8
California,06,Solano,095,2007,10,36,3,7
California,06,Stanislaus,099,2007,10,111,10,37
California,06,Tulare,107,2007,10,50,5,24
California,06,Fresno,019,2007,11,31,3,12
California,06,Kern,029,2007,11,36,4,1
California,06,Los Angeles,037,2007,11,143,17,18
California,06,Merced,047,2007,11,42,7,10
California,06,Orange,059,2007,11,10,1,1
California,06,Riverside,065,2007,11,271,20,42
California,06,Sacramento,067,2007,11,12,2,5
California,06,San Bernardino,071,2007,11,148,18,37
California,06,San Joaquin,077,2007,11,20,2,8
California,06,Solano,095,2007,11,36,3,7
California,06,Stanislaus,099,2007,11,10,1,2
California,06,Riverside,065,2007,12,104,6,13
California,06,San Bernardino,071,2007,12,22,7,2
California,06,Solano,095,2007,12,12,1,0
California,06,Los Angeles,037,2008,1,80,7,0
California,06,Riverside,065,2008,1,104,6,0
California,06,San Bernardino,071,2008,1,22,7,0
California,06,Los Angeles,037,2008,2,80,7,2
California,06,Placer,061,2008,2,6,1,0
California,06,Riverside,065,2008,2,104,6,0
California,06,San Bernardino,071,2008,2,24,8,0
California,06,Los Angeles,037,2008,3,40,4,0
California,06,Riverside,065,2008,3,364,27,0
California,06,San Bernardino,071,2008,3,136,19,0
California,06,Fresno,019,2008,4,110,10,0
California,06,Kern,029,2008,4,193,16,0
California,06,Los Angeles,037,2008,4,160,15,0
California,06,Merced,047,2008,4,58,8,0
California,06,Riverside,065,2008,4,260,21,0
California,06,Sacramento,067,2008,4,48,8,0
California,06,San Bernardino,071,2008,4,136,19,0
California,06,San Joaquin,077,2008,4,10,1,0
California,06,Stanislaus,099,2008,4,109,10,0
California,06,Tulare,107,2008,4,69,6,0
California,06,Fresno,019,2008,5,110,10,0
California,06,Kern,029,2008,5,193,16,0
California,06,Los Angeles,037,2008,5,160,15,0
California,06,Merced,047,2008,5,58,8,0
California,06,Riverside,065,2008,5,260,21,0
California,06,Sacramento,067,2008,5,48,8,0
California,06,San Bernardino,071,2008,5,136,19,0
California,06,San Joaquin,077,2008,5,10,1,0
California,06,Solano,095,2008,5,36,3,0
California,06,Stanislaus,099,2008,5,109,10,0
California,06,Tulare,107,2008,5,69,6,0
California,06,Fresno,019,2008,6,110,10,0
California,06,Kern,029,2008,6,193,16,0
California,06,Los Angeles,037,2008,6,160,15,0
California,06,Merced,047,2008,6,58,8,0
California,06,Riverside,065,2008,6,260,21,2
California,06,Sacramento,067,2008,6,48,8,0
California,06,San Bernardino,071,2008,6,136,19,2
California,06,San Joaquin,077,2008,6,10,1,0
California,06,Solano,095,2008,6,36,3,0
California,06,Stanislaus,099,2008,6,109,10,0
California,06,Tulare,107,2008,6,69,6,0
California,06,Fresno,019,2008,7,110,10,0
California,06,Kern,029,2008,7,193,16,0
California,06,Los Angeles,037,2008,7,165,17,6
California,06,Merced,047,2008,7,58,8,0
California,06,Riverside,065,2008,7,270,22,21
California,06,Sacramento,067,2008,7,48,8,1
California,06,San Bernardino,071,2008,7,136,19,15
California,06,San Joaquin,077,2008,7,10,1,0
California,06,Solano,095,2008,7,36,3,0
California,06,Stanislaus,099,2008,7,109,10,2
California,06,Tulare,107,2008,7,49,5,1
California,06,Fresno,019,2008,8,110,10,5
California,06,Kern,029,2008,8,193,16,0
California,06,Los Angeles,037,2008,8,196,24,39
California,06,Merced,047,2008,8,44,7,0
California,06,Riverside,065,2008,8,260,21,36
California,06,Sacramento,067,2008,8,48,8,5
California,06,San Bernardino,071,2008,8,136,19,42
California,06,San Joaquin,077,2008,8,10,1,1
California,06,Solano,095,2008,8,36,3,0
California,06,Stanislaus,099,2008,8,109,10,5
California,06,Tulare,107,2008,8,79,7,3
California,06,Fresno,019,2008,9,110,10,13
California,06,Kern,029,2008,9,193,16,13
California,06,Los Angeles,037,2008,9,202,24,58
California,06,Merced,047,2008,9,44,7,0
California,06,Riverside,065,2008,9,250,20,75
California,06,Sacramento,067,2008,9,48,8,6
California,06,San Bernardino,071,2008,9,133,18,59
California,06,San Joaquin,077,2008,9,10,1,2
California,06,Solano,095,2008,9,36,3,0
California,06,Stanislaus,099,2008,9,109,10,34
California,06,Tulare,107,2008,9,79,7,15
California,06,Fresno,019,2008,10,110,10,24
California,06,Kern,029,2008,10,193,16,17
California,06,Los Angeles,037,2008,10,199,25,69
California,06,Merced,047,2008,10,44,7,3
California,06,Riverside,065,2008,10,250,20,96
California,06,Sacramento,067,2008,10,48,8,7
California,06,San Bernardino,071,2008,10,130,17,65
California,06,San Joaquin,077,2008,10,10,1,5
California,06,Solano,095,2008,10,36,3,7
California,06,Stanislaus,099,2008,10,101,9,34
California,06,Tulare,107,2008,10,79,7,20
California,06,Kern,029,2008,11,36,4,2
California,06,Los Angeles,037,2008,11,167,19,58
California,06,Merced,047,2008,11,44,7,3
California,06,Riverside,065,2008,11,190,14,78
California,06,San Bernardino,071,2008,11,117,15,52
California,06,San Joaquin,077,2008,11,10,1,5
California,06,Solano,095,2008,11,36,3,7
California,06,Stanislaus,099,2008,11,10,1,4
California,06,Tulare,107,2008,11,10,1,0
California,06,Los Angeles,037,2008,12,106,8,43
California,06,San Bernardino,071,2008,12,117,15,52
California,06,Los Angeles,037,2009,1,3,1,1
California,06,San Bernardino,071,2009,1,12,4,0
California,06,Los Angeles,037,2009,2,8,1,1
California,06,Kern,029,2009,3,135,10,0
California,06,Los Angeles,037,2009,3,73,10,2
California,06,Sacramento,067,2009,3,36,3,0
California,06,San Joaquin,077,2009,3,10,1,0
California,06,Stanislaus,099,2009,3,59,6,0
California,06,Fresno,019,2009,4,42,3,0
California,06,Kern,029,2009,4,185,15,0
California,06,Los Angeles,037,2009,4,135,16,0
California,06,Merced,047,2009,4,63,8,0
California,06,Riverside,065,2009,4,245,19,0
California,06,Sacramento,067,2009,4,36,3,0
California,06,San Bernardino,071,2009,4,117,11,0
California,06,San Joaquin,077,2009,4,10,1,0
California,06,Stanislaus,099,2009,4,59,6,0
California,06,Tulare,107,2009,4,49,5,0
California,06,Fresno,019,2009,5,42,3,0
California,06,Kern,029,2009,5,185,15,0
California,06,Los Angeles,037,2009,5,135,16,0
California,06,Merced,047,2009,5,63,8,0
California,06,Riverside,065,2009,5,245,19,0
California,06,Sacramento,067,2009,5,36,3,0
California,06,San Bernardino,071,2009,5,117,11,0
California,06,San Joaquin,077,2009,5,10,1,0
California,06,Solano,095,2009,5,35,3,0
California,06,Stanislaus,099,2009,5,59,6,0
California,06,Tulare,107,2009,5,49,5,0
California,06,Fresno,019,2009,6,42,3,0
California,06,Kern,029,2009,6,185,15,0
California,06,Los Angeles,037,2009,6,135,16,1
California,06,Merced,047,2009,6,50,7,0
California,06,Riverside,065,2009,6,245,19,0
California,06,Sacramento,067,2009,6,36,3,0
California,06,San Bernardino,071,2009,6,117,11,0
California,06,San Joaquin,077,2009,6,10,1,0
California,06,Solano,095,2009,6,35,3,0
California,06,Stanislaus,099,2009,6,59,6,0
California,06,Tulare,107,2009,6,49,5,0
California,06,Fresno,019,2009,7,42,3,0
California,06,Kern,029,2009,7,185,15,5
California,06,Los Angeles,037,2009,7,157,21,14
California,06,Merced,047,2009,7,63,8,0
California,06,Riverside,065,2009,7,245,19,1
California,06,Sacramento,067,2009,7,36,3,1
California,06,San Bernardino,071,2009,7,117,11,4
California,06,San Joaquin,077,2009,7,10,1,1
California,06,Solano,095,2009,7,35,3,1
California,06,Stanislaus,099,2009,7,59,6,0
California,06,Tulare,107,2009,7,49,5,3
California,06,Fresno,019,2009,8,42,3,0
California,06,Kern,029,2009,8,185,15,47
California,06,Los Angeles,037,2009,8,254,36,21
California,06,Merced,047,2009,8,63,8,6
California,06,Riverside,065,2009,8,245,19,14
California,06,Sacramento,067,2009,8,36,3,2
California,06,San Bernardino,071,2009,8,120,12,5
California,06,San Joaquin,077,2009,8,10,1,9
California,06,Solano,095,2009,8,35,3,1
California,06,Stanislaus,099,2009,8,59,6,7
California,06,Tulare,107,2009,8,49,5,15
California,06,Fresno,019,2009,9,42,3,6
California,06,Kern,029,2009,9,185,15,98
California,06,Los Angeles,037,2009,9,250,35,29
California,06,Merced,047,2009,9,63,8,12
California,06,Riverside,065,2009,9,245,19,27
California,06,Sacramento,067,2009,9,36,3,2
California,06,San Bernardino,071,2009,9,133,19,12
California,06,San Joaquin,077,2009,9,10,1,10
California,06,Solano,095,2009,9,35,3,8
California,06,Stanislaus,099,2009,9,59,6,23
California,06,Tulare,107,2009,9,49,5,19
California,06,Fresno,019,2009,10,42,3,10
California,06,Kern,029,2009,10,144,11,91
California,06,Los Angeles,037,2009,10,250,35,32
California,06,Merced,047,2009,10,57,7,8
California,06,Riverside,065,2009,10,245,19,36
California,06,Sacramento,067,2009,10,36,3,2
California,06,San Bernardino,071,2009,10,131,18,12
California,06,Solano,095,2009,10,35,3,13
California,06,Stanislaus,099,2009,10,43,4,16
California,06,Tulare,107,2009,10,49,5,20
California,06,Kern,029,2009,11,12,1,0
California,06,Los Angeles,037,2009,11,250,35,36
California,06,Merced,047,2009,11,44,6,8
California,06,Riverside,065,2009,11,185,14,31
California,06,San Bernardino,071,2009,11,117,11,9
California,06,Solano,095,2009,11,35,3,13
California,06,Los Angeles,037,2009,12,143,19,10
California,06,Los Angeles,037,2010,1,143,19,0
California,06,Riverside,065,2010,1,20,1,0
California,06,Los Angeles,037,2010,2,73,12,0
California,06,Kern,029,2010,3,6,1,0
California,06,Los Angeles,037,2010,3,42,7,0
California,06,Sacramento,067,2010,3,71,9,0
California,06,Stanislaus,099,2010,3,36,3,0
California,06,Fresno,019,2010,4,26,4,0
California,06,Kern,029,2010,4,188,17,0
California,06,Los Angeles,037,2010,4,237,32,0
California,06,Merced,047,2010,4,48,8,0
California,06,Riverside,065,2010,4,87,5,0
California,06,Sacramento,067,2010,4,71,9,0
California,06,San Bernardino,071,2010,4,95,9,0
California,06,Stanislaus,099,2010,4,52,5,0
California,06,Fresno,019,2010,5,26,4,0
California,06,Kern,029,2010,5,188,17,0
California,06,Los Angeles,037,2010,5,267,35,0
California,06,Merced,047,2010,5,48,8,0
California,06,Orange,059,2010,5,10,1,0
California,06,Riverside,065,2010,5,197,15,0
California,06,Sacramento,067,2010,5,71,9,0
California,06,San Bernardino,071,2010,5,105,10,0
California,06,San Joaquin,077,2010,5,9,1,0
California,06,Stanislaus,099,2010,5,52,5,0
California,06,Tulare,107,2010,5,30,3,0
California,06,Fresno,019,2010,6,26,4,0
California,06,Kern,029,2010,6,188,17,0
California,06,Los Angeles,037,2010,6,267,35,0
California,06,Merced,047,2010,6,48,8,0
California,06,Orange,059,2010,6,10,1,0
California,06,Riverside,065,2010,6,197,15,0
California,06,Sacramento,067,2010,6,71,9,0
California,06,San Bernardino,071,2010,6,105,10,0
California,06,San Joaquin,077,2010,6,9,1,0
California,06,Solano,095,2010,6,36,3,0
California,06,Stanislaus,099,2010,6,52,5,0
California,06,Tulare,107,2010,6,30,3,0
California,06,Fresno,019,2010,7,26,4,2
California,06,Kern,029,2010,7,188,17,7
California,06,Los Angeles,037,2010,7,267,35,0
California,06,Merced,047,2010,7,42,7,0
California,06,Orange,059,2010,7,10,1,0
California,06,Riverside,065,2010,7,197,15,17
California,06,Sacramento,067,2010,7,71,9,0
California,06,San Bernardino,071,2010,7,116,11,2
California,06,San Joaquin,077,2010,7,9,1,0
California,06,Solano,095,2010,7,36,3,0
California,06,Stanislaus,099,2010,7,52,5,0
California,06,Tulare,107,2010,7,30,3,0
California,06,Fresno,019,2010,8,26,4,4
California,06,Kern,029,2010,8,188,17,43
California,06,Los Angeles,037,2010,8,267,35,1
California,06,Merced,047,2010,8,42,7,0
California,06,Orange,059,2010,8,10,1,0
California,06,Riverside,065,2010,8,197,15,21
California,06,Sacramento,067,2010,8,71,9,4
California,06,San Bernardino,071,2010,8,116,11,7
California,06,San Joaquin,077,2010,8,9,1,0
California,06,Solano,095,2010,8,36,3,0
California,06,Stanislaus,099,2010,8,52,5,7
California,06,Tulare,107,2010,8,30,3,8
California,06,Fresno,019,2010,9,19,3,5
California,06,Kern,029,2010,9,188,17,86
California,06,Los Angeles,037,2010,9,257,34,1
California,06,Merced,047,2010,9,42,7,6
California,06,Orange,059,2010,9,10,1,0
California,06,Riverside,065,2010,9,197,15,25
California,06,Sacramento,067,2010,9,71,9,6
California,06,San Bernardino,071,2010,9,132,19,10
California,06,San Joaquin,077,2010,9,9,1,1
California,06,Solano,095,2010,9,36,3,2
California,06,Stanislaus,099,2010,9,44,4,15
California,06,Tulare,107,2010,9,30,3,18
California,06,Fresno,019,2010,10,13,2,2
California,06,Kern,029,2010,10,188,17,93
California,06,Los Angeles,037,2010,10,257,34,1
California,06,Merced,047,2010,10,42,7,8
California,06,Riverside,065,2010,10,197,15,29
California,06,Sacramento,067,2010,10,71,9,6
California,06,San Bernardino,071,2010,10,116,11,13
California,06,San Joaquin,077,2010,10,9,1,1
California,06,Solano,095,2010,10,36,3,2
California,06,Stanislaus,099,2010,10,44,4,16
California,06,Tulare,107,2010,10,30,3,19
California,06,Los Angeles,037,2010,11,195,25,0
California,06,Riverside,065,2010,11,137,10,30
California,06,San Bernardino,071,2010,11,116,11,13
California,06,San Joaquin,077,2010,11,9,1,1
California,06,Los Angeles,037,2010,12,163,20,0
California,06,Riverside,065,2010,12,87,5,28
California,06,Los Angeles,037,2011,1,158,19,0
California,06,Riverside,065,2011,1,87,5,1
California,06,Los Angeles,037,2011,2,78,12,0
California,06,Riverside,065,2011,2,87,5,1
California,06,San Bernardino,071,2011,2,141,18,0
California,06,Kern,029,2011,3,6,1,0
California,06,Los Angeles,037,2011,3,114,18,0
California,06,Riverside,065,2011,3,87,5,1
California,06,Kern,029,2011,4,36,4,0
California,06,Los Angeles,037,2011,4,172,24,0
California,06,Merced,047,2011,4,11,2,0
California,06,Riverside,065,2011,4,133,15,0
California,06,San Bernardino,071,2011,4,123,10,0
California,06,Kern,029,2011,5,201,17,0
California,06,Los Angeles,037,2011,5,223,32,0
California,06,Merced,047,2011,5,39,7,0
California,06,Placer,061,2011,5,48,8,0
California,06,Riverside,065,2011,5,133,15,0
California,06,Sacramento,067,2011,5,69,9,0
California,06,San Bernardino,071,2011,5,123,10,0
California,06,Stanislaus,099,2011,5,16,2,0
California,06,Kern,029,2011,6,201,17,0
California,06,Los Angeles,037,2011,6,296,43,0
California,06,Merced,047,2011,6,39,7,0
California,06,Placer,061,2011,6,48,8,0
California,06,Riverside,065,2011,6,133,15,0
California,06,Sacramento,067,2011,6,69,9,0
California,06,San Bernardino,071,2011,6,123,10,0
California,06,Stanislaus,099,2011,6,16,2,0
California,06,Kern,029,2011,7,201,17,18
California,06,Los Angeles,037,2011,7,296,43,5
California,06,Merced,047,2011,7,30,5,0
California,06,Placer,061,2011,7,48,8,0
California,06,Riverside,065,2011,7,133,15,0
California,06,Sacramento,067,2011,7,69,9,0
California,06,San Bernardino,071,2011,7,123,10,11
California,06,Solano,095,2011,7,12,1,0
California,06,Stanislaus,099,2011,7,16,2,0
California,06,Kern,029,2011,8,201,17,74
California,06,Los Angeles,037,2011,8,296,43,20
California,06,Merced,047,2011,8,30,5,2
California,06,Placer,061,2011,8,48,8,0
California,06,Riverside,065,2011,8,133,15,5
California,06,Sacramento,067,2011,8,69,9,1
California,06,San Bernardino,071,2011,8,141,18,26
California,06,Solano,095,2011,8,12,1,0
California,06,Stanislaus,099,2011,8,16,2,0
California,06,Kern,029,2011,9,201,17,127
California,06,Los Angeles,037,2011,9,296,43,45
California,06,Merced,047,2011,9,30,5,6
California,06,Placer,061,2011,9,48,8,5
California,06,Riverside,065,2011,9,130,14,22
California,06,Sacramento,067,2011,9,69,9,5
California,06,San Bernardino,071,2011,9,131,13,39
California,06,Solano,095,2011,9,12,1,1
California,06,Stanislaus,099,2011,9,16,2,7
California,06,Kern,029,2011,10,201,17,146
California,06,Los Angeles,037,2011,10,290,42,75
California,06,Merced,047,2011,10,30,5,12
California,06,Placer,061,2011,10,36,6,6
California,06,Riverside,065,2011,10,127,13,28
California,06,Sacramento,067,2011,10,69,9,7
California,06,San Bernardino,071,2011,10,123,10,38
California,06,Solano,095,2011,10,12,1,1
California,06,Stanislaus,099,2011,10,8,1,3
California,06,Los Angeles,037,2011,11,172,19,58
California,06,Merced,047,2011,11,30,5,15
California,06,Riverside,065,2011,11,127,13,30
California,06,San Bernardino,071,2011,11,123,10,39
California,06,Los Angeles,037,2011,12,82,12,14
California,06,Riverside,065,2011,12,55,4,26
California,06,Los Angeles,037,2012,1,121,16,0
California,06,Riverside,065,2012,1,55,4,0
California,06,San Bernardino,071,2012,1,114,16,0
California,06,Los Angeles,037,2012,2,121,16,0
California,06,Riverside,065,2012,2,55,4,0
California,06,Kern,029,2012,3,6,1,0
California,06,Los Angeles,037,2012,3,205,28,0
California,06,Riverside,065,2012,3,55,4,0
California,06,Kern,029,2012,4,6,1,0
California,06,Los Angeles,037,2012,4,123,16,0
California,06,Riverside,065,2012,4,133,13,0
California,06,Sacramento,067,2012,4,75,9,0
California,06,San Bernardino,071,2012,4,96,8,0
California,06,Kern,029,2012,5,36,4,0
California,06,Los Angeles,037,2012,5,219,32,0
California,06,Merced,047,2012,5,40,7,0
California,06,Riverside,065,2012,5,146,13,0
California,06,Sacramento,067,2012,5,75,9,0
California,06,San Bernardino,071,2012,5,96,8,0
California,06,Stanislaus,099,2012,5,14,2,0
California,06,Kern,029,2012,6,36,4,0
California,06,Los Angeles,037,2012,6,231,34,0
California,06,Merced,047,2012,6,34,6,0
California,06,Riverside,065,2012,6,146,13,2
California,06,Sacramento,067,2012,6,75,9,0
California,06,San Bernardino,071,2012,6,96,8,0
California,06,Stanislaus,099,2012,6,14,2,0
California,06,Tulare,107,2012,6,10,1,0
California,06,Kern,029,2012,7,36,4,0
California,06,Los Angeles,037,2012,7,231,34,8
California,06,Merced,047,2012,7,34,6,0
California,06,Riverside,065,2012,7,146,13,4
California,06,Sacramento,067,2012,7,75,9,13
California,06,San Bernardino,071,2012,7,96,8,6
California,06,Stanislaus,099,2012,7,14,2,0
California,06,Tulare,107,2012,7,10,1,3
California,06,Kern,029,2012,8,36,4,9
California,06,Los Angeles,037,2012,8,271,44,50
California,06,Riverside,065,2012,8,140,12,9
California,06,Sacramento,067,2012,8,75,9,24
California,06,San Bernardino,071,2012,8,114,16,21
California,06,Stanislaus,099,2012,8,14,2,8
California,06,Tulare,107,2012,8,10,1,5
California,06,Kern,029,2012,9,36,4,22
California,06,Los Angeles,037,2012,9,231,34,77
California,06,Riverside,065,2012,9,146,13,17
California,06,Sacramento,067,2012,9,75,9,36
California,06,San Bernardino,071,2012,9,104,11,38
California,06,Kern,029,2012,10,36,4,23
California,06,Los Angeles,037,2012,10,243,37,118
California,06,Merced,047,2012,10,12,2,6
California,06,Riverside,065,2012,10,146,13,25
California,06,Sacramento,067,2012,10,61,7,25
California,06,San Bernardino,071,2012,10,82,9,20
California,06,Los Angeles,037,2012,11,123,16,54
California,06,Merced,047,2012,11,16,3,8
California,06,Riverside,065,2012,11,146,13,25
California,06,San Bernardino,071,2012,11,82,9,16
California,06,Los Angeles,037,2012,12,111,14,48
California,06,Riverside,065,2012,12,68,4,23
California,06,Los Angeles,037,2013,1,111,14,0
California,06,Riverside,065,2013,1,68,4,0
California,06,Los Angeles,037,2013,2,91,11,0
California,06,Riverside,065,2013,2,68,4,0
California,06,San Bernardino,071,2013,2,18,8,0
California,06,Kern,029,2013,3,6,1,0
California,06,Los Angeles,037,2013,3,103,13,0
California,06,Riverside,065,2013,3,68,4,0
California,06,Kern,029,2013,4,6,1,0
California,06,Los Angeles,037,2013,4,201,28,0
California,06,Riverside,065,2013,4,84,11,0
California,06,Sacramento,067,2013,4,25,3,0
California,06,Kern,029,2013,5,36,4,0
California,06,Los Angeles,037,2013,5,320,46,1
California,06,Merced,047,2013,5,42,7,0
California,06,Riverside,065,2013,5,84,11,0
California,06,Sacramento,067,2013,5,25,3,0
California,06,Stanislaus,099,2013,5,16,2,0
California,06,Tulare,107,2013,5,10,1,0
California,06,Kern,029,2013,6,36,4,0
California,06,Los Angeles,037,2013,6,313,45,6
California,06,Merced,047,2013,6,42,7,0
California,06,Riverside,065,2013,6,84,11,0
California,06,Sacramento,067,2013,6,25,3,0
California,06,San Bernardino,071,2013,6,6,3,1
California,06,Stanislaus,099,2013,6,16,2,0
California,06,Tulare,107,2013,6,10,1,0
California,06,Kern,029,2013,7,36,4,1
California,06,Los Angeles,037,2013,7,313,45,41
California,06,Merced,047,2013,7,42,7,6
California,06,Riverside,065,2013,7,84,11,3
California,06,Sacramento,067,2013,7,25,3,2
California,06,San Bernardino,071,2013,7,2,1,1
California,06,Solano,095,2013,7,35,3,4
California,06,Stanislaus,099,2013,7,16,2,5
California,06,Tulare,107,2013,7,10,1,0
California,06,Kern,029,2013,8,36,4,6
California,06,Los Angeles,037,2013,8,303,44,81
California,06,Merced,047,2013,8,42,7,14
California,06,Riverside,065,2013,8,84,11,11
California,06,Sacramento,067,2013,8,25,3,4
California,06,San Bernardino,071,2013,8,12,5,8
California,06,Solano,095,2013,8,35,3,7
California,06,Stanislaus,099,2013,8,8,1,3
California,06,Tulare,107,2013,8,10,1,0
California,06,Kern,029,2013,9,36,4,15
California,06,Los Angeles,037,2013,9,282,41,106
California,06,Merced,047,2013,9,42,7,21
California,06,Riverside,065,2013,9,81,10,11
California,06,Sacramento,067,2013,9,25,3,6
California,06,San Bernardino,071,2013,9,10,4,5
California,06,Solano,095,2013,9,35,3,12
California,06,Stanislaus,099,2013,9,8,1,3
California,06,Tulare,107,2013,9,10,1,1
California,06,Kern,029,2013,10,6,1,0
California,06,Los Angeles,037,2013,10,270,39,116
California,06,Merced,047,2013,10,36,6,15
California,06,Riverside,065,2013,10,81,10,15
California,06,Sacramento,067,2013,10,25,3,6
California,06,Tulare,107,2013,10,10,1,2
California,06,Los Angeles,037,2013,11,166,22,82
California,06,Merced,047,2013,11,36,6,15
California,06,Riverside,065,2013,11,14,5,3
California,06,Los Angeles,037,2013,12,76,14,10
California,06,Los Angeles,037,2014,1,36,6,1
California,06,San Bernardino,071,2014,1,18,8,0
California,06,Los Angeles,037,2014,2,30,5,1
California,06,Los Angeles,037,2014,3,30,5,1
California,06,San Bernardino,071,2014,3,19,2,0
California,06,Kern,029,2014,4,6,1,0
California,06,Los Angeles,037,2014,4,166,24,0
California,06,Riverside,065,2014,4,92,8,0
California,06,Sacramento,067,2014,4,24,3,0
California,06,San Bernardino,071,2014,4,87,9,0
California,06,Kern,029,2014,5,6,1,0
California,06,Los Angeles,037,2014,5,276,42,0
California,06,Merced,047,2014,5,39,7,0
California,06,Riverside,065,2014,5,118,15,0
California,06,Sacramento,067,2014,5,24,3,0
California,06,San Bernardino,071,2014,5,87,9,0
California,06,Stanislaus,099,2014,5,16,2,0
California,06,Tulare,107,2014,5,12,1,0
California,06,Kern,029,2014,6,6,1,0
California,06,Los Angeles,037,2014,6,276,42,0
California,06,Merced,047,2014,6,39,7,0
California,06,Riverside,065,2014,6,118,15,0
California,06,Sacramento,067,2014,6,24,3,0
California,06,San Bernardino,071,2014,6,87,9,1
California,06,Solano,095,2014,6,22,2,3
California,06,Stanislaus,099,2014,6,16,2,0
California,06,Tulare,107,2014,6,12,1,0
California,06,Kern,029,2014,7,6,1,0
California,06,Los Angeles,037,2014,7,281,43,13
California,06,Merced,047,2014,7,39,7,2
California,06,Riverside,065,2014,7,118,15,0
California,06,Sacramento,067,2014,7,24,3,4
California,06,San Bernardino,071,2014,7,87,9,8
California,06,Solano,095,2014,7,22,2,13
California,06,Stanislaus,099,2014,7,16,2,12
California,06,Tulare,107,2014,7,12,1,4
California,06,Kern,029,2014,8,6,1,0
California,06,Los Angeles,037,2014,8,281,43,73
California,06,Merced,047,2014,8,39,7,6
California,06,Riverside,065,2014,8,118,15,5
California,06,Sacramento,067,2014,8,24,3,8
California,06,San Bernardino,071,2014,8,93,12,19
California,06,Solano,095,2014,8,11,1,7
California,06,Kern,029,2014,9,6,1,0
California,06,Los Angeles,037,2014,9,265,41,106
California,06,Merced,047,2014,9,39,7,9
California,06,Riverside,065,2014,9,118,15,14
California,06,Sacramento,067,2014,9,24,3,8
California,06,San Bernardino,071,2014,9,83,10,22
California,06,Solano,095,2014,9,11,1,10
California,06,Kern,029,2014,10,6,1,0
California,06,Los Angeles,037,2014,10,213,33,70
California,06,Merced,047,2014,10,27,5,7
California,06,Riverside,065,2014,10,110,13,19
California,06,Sacramento,067,2014,10,24,3,10
California,06,San Bernardino,071,2014,10,71,7,16
California,06,Los Angeles,037,2014,11,114,21,28
California,06,Merced,047,2014,11,14,3,4
California,06,Riverside,065,2014,11,50,8,14
California,06,San Bernardino,071,2014,11,71,7,16
California,06,Riverside,065,2014,12,32,3,12
California,06,Riverside,065,2015,1,32,3,0
California,06,Riverside,065,2015,2,32,3,0
California,06,Los Angeles,037,2015,3,63,4,0
California,06,Riverside,065,2015,3,32,3,0
California,06,San Bernardino,071,2015,3,62,7,0
California,06,Kern,029,2015,4,6,1,0
California,06,Los Angeles,037,2015,4,117,13,0
California,06,Riverside,065,2015,4,68,6,0
California,06,Sacramento,067,2015,4,12,2,0
California,06,San Bernardino,071,2015,4,78,9,0
California,06,Kern,029,2015,5,6,1,0
California,06,Los Angeles,037,2015,5,296,44,0
California,06,Merced,047,2015,5,48,7,0
California,06,Placer,061,2015,5,12,2,0
California,06,Riverside,065,2015,5,68,6,0
California,06,Sacramento,067,2015,5,12,2,0
California,06,San Bernardino,071,2015,5,78,9,0
California,06,Stanislaus,099,2015,5,16,2,0
California,06,Kern,029,2015,6,6,1,0
California,06,Los Angeles,037,2015,6,296,44,0
California,06,Merced,047,2015,6,48,7,0
California,06,Placer,061,2015,6,12,2,2
California,06,Riverside,065,2015,6,79,6,0
California,06,Sacramento,067,2015,6,12,2,0
California,06,San Bernardino,071,2015,6,78,9,0
California,06,Stanislaus,099,2015,6,16,2,0
California,06,Kern,029,2015,7,6,1,0
California,06,Los Angeles,037,2015,7,296,44,1
California,06,Merced,047,2015,7,48,7,1
California,06,Placer,061,2015,7,12,2,3
California,06,Riverside,065,2015,7,79,6,0
California,06,Sacramento,067,2015,7,12,2,0
California,06,San Bernardino,071,2015,7,78,9,2
California,06,Solano,095,2015,7,31,3,3
California,06,Stanislaus,099,2015,7,16,2,2
California,06,Kern,029,2015,8,6,1,0
California,06,Los Angeles,037,2015,8,296,44,13
California,06,Merced,047,2015,8,48,7,10
California,06,Placer,061,2015,8,12,2,8
California,06,Riverside,065,2015,8,79,6,5
California,06,Sacramento,067,2015,8,12,2,1
California,06,San Bernardino,071,2015,8,78,9,16
California,06,Solano,095,2015,8,31,3,6
California,06,Stanislaus,099,2015,8,16,2,9
California,06,Kern,029,2015,9,6,1,0
California,06,Los Angeles,037,2015,9,296,44,81
California,06,Merced,047,2015,9,48,7,17
California,06,Placer,061,2015,9,6,1,3
California,06,Riverside,065,2015,9,79,6,13
California,06,Sacramento,067,2015,9,12,2,2
California,06,San Bernardino,071,2015,9,78,9,26
California,06,Solano,095,2015,9,31,3,7
California,06,Kern,029,2015,10,6,1,0
California,06,Los Angeles,037,2015,10,272,40,105
California,06,Merced,047,2015,10,34,5,13
California,06,Placer,061,2015,10,6,1,3
California,06,Riverside,065,2015,10,79,6,21
California,06,Sacramento,067,2015,10,12,2,2
California,06,San Bernardino,071,2015,10,70,8,25
California,06,Los Angeles,037,2015,11,185,27,67
California,06,Merced,047,2015,11,34,5,15
California,06,Placer,061,2015,11,6,1,3
California,06,Riverside,065,2015,11,79,6,21
California,06,San Bernardino,071,2015,11,70,8,31
California,06,Riverside,065,2015,12,43,3,5
California,06,Riverside,065,2016,1,43,3,0
California,06,Riverside,065,2016,2,43,3,0
California,06,Kern,029,2016,4,5,1,0
California,06,Los Angeles,037,2016,4,41,7,0
California,06,Sacramento,067,2016,4,11,2,0
California,06,Kern,029,2016,5,5,1,0
California,06,Los Angeles,037,2016,5,167,26,0
California,06,Merced,047,2016,5,47,8,0
California,06,Placer,061,2016,5,11,2,0
California,06,Sacramento,067,2016,5,11,2,0
California,06,San Bernardino,071,2016,5,80,10,0
California,06,Kern,029,2016,6,5,1,0
California,06,Los Angeles,037,2016,6,287,44,1
California,06,Merced,047,2016,6,47,8,0
California,06,Placer,061,2016,6,11,2,0
California,06,Sacramento,067,2016,6,11,2,0
California,06,San Bernardino,071,2016,6,77,9,0
California,06,Kern,029,2016,7,5,1,0
California,06,Los Angeles,037,2016,7,287,44,11
California,06,Merced,047,2016,7,47,8,14
California,06,Placer,061,2016,7,11,2,0
California,06,Sacramento,067,2016,7,11,2,0
California,06,San Bernardino,071,2016,7,77,9,2
California,06,Solano,095,2016,7,32,3,1
California,06,Kern,029,2016,8,5,1,0
California,06,Los Angeles,037,2016,8,287,44,58
California,06,Merced,047,2016,8,47,8,30
California,06,Placer,061,2016,8,11,2,3
California,06,Sacramento,067,2016,8,11,2,0
California,06,San Bernardino,071,2016,8,77,9,15
California,06,Solano,095,2016,8,32,3,5
California,06,Kern,029,2016,9,5,1,0
California,06,Los Angeles,037,2016,9,255,40,78
California,06,Merced,047,2016,9,23,4,13
California,06,Placer,061,2016,9,11,2,7
California,06,Sacramento,067,2016,9,11,2,0
California,06,San Bernardino,071,2016,9,77,9,20
California,06,Solano,095,2016,9,32,3,10
California,06,Kern,029,2016,10,5,1,0
California,06,Los Angeles,037,2016,10,249,39,89
California,06,Merced,047,2016,10,17,3,11
California,06,Placer,061,2016,10,11,2,7
California,06,Sacramento,067,2016,10,11,2,3
California,06,San Bernardino,071,2016,10,77,9,23
California,06,Solano,095,2016,10,32,3,10
California,06,Los Angeles,037,2016,11,140,20,49
California,06,San Bernardino,071,2016,11,77,9,23
California,06,Los Angeles,037,2017,4,124,14,0
California,06,San Bernardino,071,2017,4,47,6,0
California,06,Los Angeles,037,2017,5,280,42,0
California,06,Merced,047,2017,5,36,6,0
California,06,Placer,061,2017,5,12,2,0
California,06,Sacramento,067,2017,5,5,1,0
California,06,San Bernardino,071,2017,5,47,6,0
California,06,Los Angeles,037,2017,6,280,42,2
California,06,Merced,047,2017,6,36,6,0
California,06,Placer,061,2017,6,12,2,0
California,06,Sacramento,067,2017,6,12,2,0
California,06,San Bernardino,071,2017,6,47,6,0
California,06,Solano,095,2017,6,35,3,0
California,06,Los Angeles,037,2017,7,271,41,23
California,06,Merced,047,2017,7,36,6,2
California,06,Placer,061,2017,7,12,2,0
California,06,Sacramento,067,2017,7,12,2,0
California,06,San Bernardino,071,2017,7,47,6,0
California,06,Solano,095,2017,7,35,3,0
California,06,Los Angeles,037,2017,8,280,42,75
California,06,Merced,047,2017,8,36,6,15
California,06,Placer,061,2017,8,12,2,0
California,06,Sacramento,067,2017,8,12,2,2
California,06,San Bernardino,071,2017,8,47,6,11
California,06,Solano,095,2017,8,35,3,1
California,06,Los Angeles,037,2017,9,253,38,93
California,06,Placer,061,2017,9,12,2,4
California,06,Sacramento,067,2017,9,12,2,2
California,06,San Bernardino,071,2017,9,40,5,11
California,06,Solano,095,2017,9,35,3,9
California,06,Los Angeles,037,2017,10,187,28,67
California,06,Placer,061,2017,10,12,2,5
California,06,Sacramento,067,2017,10,12,2,2
California,06,San Bernardino,071,2017,10,39,5,5
California,06,Solano,095,2017,10,35,3,11
California,06,Los Angeles,037,2017,11,96,14,28
California,06,San Bernardino,071,2017,11,32,4,4
California,06,Los Angeles,037,2018,4,140,9,0
California,06,Merced,047,2018,4,47,8,0
California,06,Placer,061,2018,4,12,2,0
California,06,Sacramento,067,2018,4,19,3,0
California,06,Solano,095,2018,4,36,3,0
California,06,Los Angeles,037,2018,5,239,26,0
California,06,Merced,047,2018,5,47,8,0
California,06,Placer,061,2018,5,12,2,0
California,06,Sacramento,067,2018,5,19,3,0
California,06,Solano,095,2018,5,36,3,0
California,06,Los Angeles,037,2018,6,239,26,0
California,06,Merced,047,2018,6,47,8,0
California,06,Placer,061,2018,6,12,2,0
California,06,Sacramento,067,2018,6,19,3,0
California,06,Solano,095,2018,6,36,3,0
California,06,Los Angeles,037,2018,7,239,26,1
California,06,Merced,047,2018,7,47,8,0
California,06,Placer,061,2018,7,12,2,1
California,06,Sacramento,067,2018,7,19,3,0
California,06,Solano,095,2018,7,36,3,0
California,06,Los Angeles,037,2018,8,239,26,5
California,06,Merced,047,2018,8,47,8,14
California,06,Placer,061,2018,8,12,2,3
California,06,Sacramento,067,2018,8,19,3,0
California,06,Solano,095,2018,8,36,3,0
California,06,Los Angeles,037,2018,9,239,26,10
California,06,Merced,047,2018,9,29,5,12
California,06,Placer,061,2018,9,12,2,4
California,06,Sacramento,067,2018,9,19,3,4
California,06,Solano,095,2018,9,36,3,6
California,06,Los Angeles,037,2018,10,227,24,14
California,06,Placer,061,2018,10,12,2,4
California,06,Sacramento,067,2018,10,19,3,5
California,06,Solano,095,2018,10,36,3,7
California,06,Los Angeles,037,2018,11,209,21,10
California,06,Solano,095,2018,11,36,3,7
California,06,Los Angeles,037,2019,4,18,2,0
California,06,Merced,047,2019,4,39,7,0
California,06,Placer,061,2019,4,18,3,0
California,06,Sacramento,067,2019,4,19,3,0
California,06,Tulare,107,2019,4,11,1,0
California,06,Los Angeles,037,2019,5,143,22,0
California,06,Merced,047,2019,5,39,7,0
California,06,Placer,061,2019,5,18,3,0
California,06,Sacramento,067,2019,5,19,3,0
California,06,Tulare,107,2019,5,11,1,0
California,06,Los Angeles,037,2019,6,158,25,0
California,06,Merced,047,2019,6,39,7,0
California,06,Placer,061,2019,6,18,3,0
California,06,Sacramento,067,2019,6,19,3,0
California,06,Tulare,107,2019,6,11,1,0
California,06,Los Angeles,037,2019,7,158,25,3
California,06,Merced,047,2019,7,39,7,0
California,06,Placer,061,2019,7,18,3,0
California,06,Sacramento,067,2019,7,19,3,0
California,06,Tulare,107,2019,7,11,1,0
California,06,Los Angeles,037,2019,8,158,25,9
California,06,Merced,047,2019,8,39,7,14
California,06,Placer,061,2019,8,18,3,6
California,06,Sacramento,067,2019,8,19,3,0
California,06,Tulare,107,2019,8,11,1,10
California,06,Los Angeles,037,2019,9,153,24,17
California,06,Merced,047,2019,9,39,7,16
California,06,Placer,061,2019,9,18,3,8
California,06,Sacramento,067,2019,9,19,3,1
California,06,Los Angeles,037,2019,10,148,23,15
California,06,Sacramento,067,2019,10,19,3,4
California,06,Los Angeles,037,2019,11,128,19,13
California,06,Merced,047,2020,4,40,7,0
California,06,Sacramento,067,2020,4,17,3,0
California,06,Tulare,107,2020,4,10,1,0
California,06,Los Angeles,037,2020,5,96,18,0
California,06,Merced,047,2020,5,34,6,0
California,06,Sacramento,067,2020,5,17,3,0
California,06,Tulare,107,2020,5,10,1,0
California,06,Los Angeles,037,2020,6,159,25,0
California,06,Merced,047,2020,6,34,6,0
California,06,Sacramento,067,2020,6,17,3,0
California,06,Solano,095,2020,6,21,3,0
California,06,Tulare,107,2020,6,10,1,0
California,06,Los Angeles,037,2020,7,159,25,2
California,06,Merced,047,2020,7,34,6,12
California,06,Sacramento,067,2020,7,17,3,0
California,06,Solano,095,2020,7,21,3,0
California,06,Tulare,107,2020,7,10,1,0
California,06,Los Angeles,037,2020,8,159,25,3
California,06,Merced,047,2020,8,34,6,12
California,06,Sacramento,067,2020,8,17,3,0
California,06,Solano,095,2020,8,21,3,0
California,06,Tulare,107,2020,8,10,1,5
California,06,Los Angeles,037,2020,9,124,21,25
California,06,Sacramento,067,2020,9,17,3,4
California,06,Solano,095,2020,9,21,3,2
California,06,Tulare,107,2020,9,10,1,10
California,06,Los Angeles,037,2020,10,118,20,30
California,06,Sacramento,067,2020,10,17,3,5
California,06,Solano,095,2020,10,21,3,4
California,06,Los Angeles,037,2020,11,84,16,13
California,06,Merced,047,2021,4,48,8,0
California,06,Sacramento,067,2021,4,16,3,0
California,06,Tulare,107,2021,4,10,1,0
California,06,Los Angeles,037,2021,5,92,18,0
California,06,Merced,047,2021,5,48,8,0
California,06,Sacramento,067,2021,5,16,3,0
California,06,Tulare,107,2021,5,10,1,0
California,06,Los Angeles,037,2021,6,92,18,0
California,06,Merced,047,2021,6,48,8,0
California,06,Sacramento,067,2021,6,16,3,0
California,06,Solano,095,2021,6,20,3,0
California,06,Tulare,107,2021,6,10,1,0
California,06,Los Angeles,037,2021,7,92,18,0
California,06,Merced,047,2021,7,48,8,1
California,06,Sacramento,067,2021,7,16,3,0
California,06,Solano,095,2021,7,20,3,0
California,06,Tulare,107,2021,7,10,1,0
California,06,Los Angeles,037,2021,8,92,18,0
California,06,Merced,047,2021,8,48,8,14
California,06,Sacramento,067,2021,8,16,3,0
California,06,Solano,095,2021,8,20,3,0
California,06,Tulare,107,2021,8,10,1,3
California,06,Los Angeles,037,2021,9,92,18,0
California,06,Merced,047,2021,9,30,5,9
California,06,Sacramento,067,2021,9,16,3,0
California,06,Solano,095,2021,9,20,3,0
California,06,Tulare,107,2021,9,10,1,10
California,06,Los Angeles,037,2021,10,92,18,3
California,06,Sacramento,067,2021,10,16,3,1
California,06,Solano,095,2021,10,20,3,0
California,06,Los Angeles,037,2021,11,87,17,0
California,06,Sacramento,067,2022,4,19,3,0
California,06,Los Angeles,037,2022,5,90,18,0
California,06,Sacramento,067,2022,5,19,3,0
California,06,Tulare,107,2022,5,10,1,0
California,06,Los Angeles,037,2022,6,90,18,0
California,06,Sacramento,067,2022,6,13,2,0
California,06,Solano,095,2022,6,14,2,0
California,06,Tulare,107,2022,6,10,1,0
California,06,Los Angeles,037,2022,7,120,21,0
California,06,Sacramento,067,2022,7,19,3,0
California,06,Solano,095,2022,7,14,2,0
California,06,Tulare,107,2022,7,10,1,6
California,06,Los Angeles,037,2022,8,120,21,7
California,06,Sacramento,067,2022,8,19,3,5
California,06,Solano,095,2022,8,14,2,0
California,06,Tulare,107,2022,8,10,1,10
California,06,Los Angeles,037,2022,9,120,21,29
California,06,Sacramento,067,2022,9,19,3,6
California,06,Solano,095,2022,9,14,2,0
California,06,Los Angeles,037,2022,10,105,18,23
California,06,Sacramento,067,2022,10,19,3,6
California,06,Solano,095,2022,10,14,2,0
California,06,Los Angeles,037,2022,11,70,14,9
California,06,Sacramento,067,2023,4,17,3,0
California,06,Sacramento,067,2023,5,17,3,0
California,06,Tulare,107,2023,5,10,1,0
California,06,Los Angeles,037,2023,6,59,18,0
California,06,Sacramento,067,2023,6,17,3,0
California,06,Solano,095,2023,6,20,3,0
California,06,Tulare,107,2023,6,10,1,0
California,06,Los Angeles,037,2023,7,81,21,0
California,06,Sacramento,067,2023,7,17,3,0
California,06,Solano,095,2023,7,20,3,0
California,06,Tulare,107,2023,7,10,1,2
California,06,Los Angeles,037,2023,8,77,20,6
California,06,Sacramento,067,2023,8,17,3,5
California,06,Solano,095,2023,8,20,3,9
California,06,Tulare,107,2023,8,10,1,10
California,06,Los Angeles,037,2023,9,77,20,21
California,06,Sacramento,067,2023,9,17,3,5
California,06,Solano,095,2023,9,20,3,11
California,06,Los Angeles,037,2023,10,61,17,21
California,06,Sacramento,067,2023,10,17,3,7
California,06,Los Angeles,037,2023,11,49,15,14
California,06,Merced,047,2024,4,24,4,0
California,06,Los Angeles,037,2024,5,80,16,0
California,06,Merced,047,2024,5,24,4,0
California,06,Sacramento,067,2024,5,15,3,0
California,06,Tulare,107,2024,5,10,1,0
California,06,Los Angeles,037,2024,6,80,16,0
California,06,Merced,047,2024,6,24,4,0
California,06,Solano,095,2024,6,21,3,0
California,06,Tulare,107,2024,6,10,1,0
California,06,Merced,047,2024,7,24,4,0
California,06,Solano,095,2024,7,21,3,0
